1,16,2002-12-07 00:00:00.000000,10,23,29,33,37,40,863604600,0,0,success,3681782000
2,2,2002-12-14 00:00:00.000000,9,13,21,25,32,42,0,1,2002006800,success,4904274000
3,30,2002-12-21 00:00:00.000000,11,16,19,21,27,31,0,1,2000000000,success,4729342000
4,2,2002-12-28 00:00:00.000000,14,27,30,31,40,42,1267147200,0,0,success,5271464000
5,3,2003-01-04 00:00:00.000000,16,24,29,40,41,42,3041094900,0,0,success,6277102000
6,34,2003-01-11 00:00:00.000000,14,15,26,27,40,42,0,1,6574451700,success,15305356000
7,42,2003-01-18 00:00:00.000000,2,9,16,25,26,40,2600913000,0,0,success,12794890000
8,9,2003-01-25 00:00:00.000000,8,19,25,34,37,39,7336896000,0,0,success,20751450000
9,14,2003-02-01 00:00:00.000000,2,4,16,17,36,39,25803852000,0,0,success,73624020000
10,6,2003-02-08 00:00:00.000000,9,25,30,33,41,44,0,13,6430437900,success,260856392000
11,14,2003-02-15 00:00:00.000000,1,7,36,37,41,42,0,5,4780152300,success,91925306000
12,44,2003-02-22 00:00:00.000000,2,11,21,25,39,45,0,12,1348845700,success,76255508000
13,26,2003-03-01 00:00:00.000000,22,23,25,37,38,42,15599134800,0,0,success,66532136000
14,15,2003-03-08 00:00:00.000000,2,6,12,31,33,40,0,4,9375048300,success,99838648000
15,13,2003-03-15 00:00:00.000000,3,4,16,30,31,37,0,1,17014245000,success,73264910000
16,33,2003-03-22 00:00:00.000000,6,7,24,37,38,40,0,4,4377146100,success,75777348000
17,1,2003-03-29 00:00:00.000000,3,4,9,17,32,37,0,3,5349491200,success,72718152000
18,29,2003-04-05 00:00:00.000000,3,12,13,19,32,35,15751560000,0,0,success,66371660000
19,26,2003-04-12 00:00:00.000000,6,30,38,39,40,43,0,1,40722959400,success,105957818000
20,41,2003-04-19 00:00:00.000000,10,14,18,20,23,30,0,1,19352212800,success,81056776000
21,21,2003-04-26 00:00:00.000000,6,12,17,18,31,32,0,23,797475400,success,84247142000
22,25,2003-05-03 00:00:00.000000,4,5,6,8,17,39,0,4,4552194900,success,79455152000
23,44,2003-05-10 00:00:00.000000,5,13,17,18,33,42,0,4,4317947700,success,77374256000
24,6,2003-05-17 00:00:00.000000,7,8,27,29,36,43,19010560200,0,0,success,78486634000
25,16,2003-05-24 00:00:00.000000,2,4,21,26,43,44,0,2,24227745300,success,120073768000
26,31,2003-05-31 00:00:00.000000,4,5,7,18,20,25,0,5,3495069900,success,80193026000
27,27,2003-06-07 00:00:00.000000,1,20,26,28,37,43,0,2,9543982500,success,76145050000
28,1,2003-06-14 00:00:00.000000,9,18,23,25,35,37,0,10,1700361100,success,75448366000
29,11,2003-06-21 00:00:00.000000,1,5,13,34,39,40,0,5,3552594000,success,74523120000
30,4,2003-06-28 00:00:00.000000,8,17,20,35,36,44,0,2,8728555500,success,72399690000
31,32,2003-07-05 00:00:00.000000,7,9,18,23,28,35,0,2,8106672900,success,71317306000
32,11,2003-07-12 00:00:00.000000,6,14,19,25,34,44,0,10,1634528300,success,71179198000
33,9,2003-07-19 00:00:00.000000,4,7,32,33,40,41,0,1,14903517600,success,67457252000
34,2,2003-07-26 00:00:00.000000,9,26,35,37,40,42,0,5,3056918000,success,69389894000
35,39,2003-08-02 00:00:00.000000,2,3,11,26,37,43,0,3,5054598200,success,66143062000
36,31,2003-08-09 00:00:00.000000,1,10,23,26,28,40,0,1,16014475800,success,66856686000
37,42,2003-08-16 00:00:00.000000,7,27,30,33,35,37,0,3,4985999400,success,65509794000
38,36,2003-08-23 00:00:00.000000,16,17,22,30,37,43,0,3,5374866400,success,67369284000
39,8,2003-08-30 00:00:00.000000,6,7,13,15,21,43,0,6,2623748800,success,66094476000
40,6,2003-09-06 00:00:00.000000,7,13,18,19,25,26,0,13,1147652400,success,65699086000
41,34,2003-09-13 00:00:00.000000,13,20,23,35,38,43,13784904600,0,0,success,57624562000
42,1,2003-09-20 00:00:00.000000,17,18,19,21,23,32,0,6,6899280100,success,119909740000
43,1,2003-09-27 00:00:00.000000,6,31,35,38,39,44,0,1,17749630800,success,74686296000
44,39,2003-10-04 00:00:00.000000,3,11,21,30,38,45,0,5,3362155800,success,69956950000
45,17,2003-10-11 00:00:00.000000,1,10,20,27,33,35,0,2,8356417800,success,71216232000
46,39,2003-10-18 00:00:00.000000,8,13,15,23,31,38,0,3,5327758800,success,68181568000
47,27,2003-10-25 00:00:00.000000,14,17,26,31,36,45,0,5,3250042400,success,67756694000
48,3,2003-11-01 00:00:00.000000,6,10,18,26,37,38,0,6,2415673600,success,65806832000
49,30,2003-11-08 00:00:00.000000,4,7,16,19,33,40,0,7,1967504600,success,64501142000
50,1,2003-11-15 00:00:00.000000,2,10,12,15,22,44,0,3,5227061400,success,65563234000
51,35,2003-11-22 00:00:00.000000,2,3,11,16,26,44,0,6,2421117000,success,62553680000
52,1,2003-11-29 00:00:00.000000,2,4,15,16,20,29,0,4,3900844900,success,64393446000
53,42,2003-12-06 00:00:00.000000,7,8,14,32,33,39,0,3,5014371000,success,64996010000
54,37,2003-12-13 00:00:00.000000,1,8,21,27,36,39,0,3,5148626600,success,63833006000
55,7,2003-12-20 00:00:00.000000,17,21,31,37,40,44,0,2,7088799600,success,62195764000
56,19,2003-12-27 00:00:00.000000,10,14,30,31,33,37,0,4,3777570900,success,65258932000
57,6,2004-01-03 00:00:00.000000,7,10,16,25,29,44,0,4,4114411900,success,70132666000
58,1,2004-01-10 00:00:00.000000,10,24,25,33,40,44,0,4,3676429200,success,66638136000
59,13,2004-01-17 00:00:00.000000,6,29,36,39,41,45,0,4,4127587300,success,67563698000
60,11,2004-01-24 00:00:00.000000,2,8,25,36,39,42,0,7,2172504600,success,65405936000
61,8,2004-01-31 00:00:00.000000,14,15,19,30,38,43,0,5,3541038800,success,73312994000
62,21,2004-02-07 00:00:00.000000,3,8,15,27,29,35,0,1,15817286400,success,66740368000
63,5,2004-02-14 00:00:00.000000,3,20,23,36,38,40,0,2,7922245500,success,67074050000
64,39,2004-02-21 00:00:00.000000,14,15,18,21,26,36,0,4,3899818000,success,65085154000
65,39,2004-02-28 00:00:00.000000,4,25,33,36,40,43,0,4,3727945800,success,66685144000
66,45,2004-03-06 00:00:00.000000,2,3,7,17,22,24,0,4,3685138200,success,63378796000
67,33,2004-03-13 00:00:00.000000,3,7,10,15,36,38,0,7,2114436500,success,64314872000
68,38,2004-03-20 00:00:00.000000,10,12,15,16,26,39,0,5,2945882100,success,63813236000
69,35,2004-03-27 00:00:00.000000,5,8,14,15,19,39,0,3,4962712200,success,63711302000
70,26,2004-04-03 00:00:00.000000,5,19,22,25,28,43,0,3,5031277800,success,63232578000
71,21,2004-04-10 00:00:00.000000,5,9,12,16,29,41,14909209800,0,0,success,62889986000
72,1,2004-04-17 00:00:00.000000,2,4,11,17,26,27,0,13,3260524600,success,125651214000
73,38,2004-04-24 00:00:00.000000,3,12,18,32,40,43,0,6,2766662100,success,72635862000
74,23,2004-05-01 00:00:00.000000,6,15,17,18,35,40,0,3,5284949800,success,68902158000
75,28,2004-05-08 00:00:00.000000,2,5,24,32,34,44,0,4,3914616900,success,66138372000
76,43,2004-05-15 00:00:00.000000,1,3,15,22,25,37,0,2,7451022600,success,65083924000
77,37,2004-05-22 00:00:00.000000,2,18,29,32,43,44,0,3,5155758600,success,64420666000
78,38,2004-05-29 00:00:00.000000,10,13,25,29,33,35,0,4,3519850000,success,61257794000
79,14,2004-06-05 00:00:00.000000,3,12,24,27,30,32,0,4,3416443800,success,60390004000
80,1,2004-06-12 00:00:00.000000,17,18,24,25,26,30,0,1,13809540000,success,60160440000
81,6,2004-06-19 00:00:00.000000,5,7,11,13,20,33,0,5,2714288880,success,60983308000
82,39,2004-06-26 00:00:00.000000,1,2,3,14,27,42,0,1,14562494400,success,61302808000
83,14,2004-07-03 00:00:00.000000,6,10,15,17,19,34,0,2,7086948300,success,62512062000
84,11,2004-07-10 00:00:00.000000,16,23,27,34,42,45,0,2,7669779000,success,62780760000
85,21,2004-07-17 00:00:00.000000,6,8,13,23,31,36,0,4,3462109800,success,59451304000
86,33,2004-07-24 00:00:00.000000,2,12,37,39,41,45,0,1,14252186400,success,59835968000
87,26,2004-07-31 00:00:00.000000,4,12,16,23,34,43,0,11,1799358055,success,83793642000
88,27,2004-08-07 00:00:00.000000,1,17,20,24,30,41,0,4,3069709650,success,51910612000
89,37,2004-08-14 00:00:00.000000,4,26,28,29,33,40,0,3,4248321900,success,55102179000
90,10,2004-08-21 00:00:00.000000,17,20,29,35,38,44,0,4,3291435300,success,55493544000
91,27,2004-08-28 00:00:00.000000,1,21,24,26,29,42,0,4,3582902400,success,59061052000
92,17,2004-09-04 00:00:00.000000,3,14,24,33,35,36,0,11,1233270846,success,58296001000
93,19,2004-09-11 00:00:00.000000,6,22,24,36,38,44,0,6,2269178150,success,57236313000
94,6,2004-09-18 00:00:00.000000,5,32,34,40,41,45,0,6,2245339950,success,57144729000
95,14,2004-09-25 00:00:00.000000,8,17,27,31,34,43,0,8,1747741238,success,60077493000
96,20,2004-10-02 00:00:00.000000,1,3,8,21,22,31,0,7,1847133515,success,54217572000
97,3,2004-10-09 00:00:00.000000,6,7,14,15,20,36,0,9,1496214000,success,57713200000
98,43,2004-10-16 00:00:00.000000,6,9,16,23,24,32,0,4,3177972300,success,56231084000
99,11,2004-10-23 00:00:00.000000,1,3,10,27,29,37,0,6,2169219050,success,56207491000
100,6,2004-10-30 00:00:00.000000,1,7,11,23,37,42,0,4,3315315525,success,56561977000
101,8,2004-11-06 00:00:00.000000,1,3,17,32,35,45,0,5,2707297500,success,57585065000
102,42,2004-11-13 00:00:00.000000,17,22,24,26,35,40,0,9,1457153067,success,56937962000
103,10,2004-11-20 00:00:00.000000,5,14,15,27,30,45,0,8,1691589563,success,57420615000
104,35,2004-11-27 00:00:00.000000,17,32,33,34,42,44,0,2,6610743750,success,56533705000
105,28,2004-12-04 00:00:00.000000,8,10,20,34,41,45,0,4,3416781450,success,57479716000
106,29,2004-12-11 00:00:00.000000,4,10,12,22,24,33,0,16,810461157,success,57384485000
107,17,2004-12-18 00:00:00.000000,1,4,5,6,9,31,0,2,6679927800,success,57545202000
108,12,2004-12-25 00:00:00.000000,7,18,22,23,29,44,0,7,1998900772,success,58875228000
109,33,2005-01-01 00:00:00.000000,1,5,34,36,42,44,0,12,1246838200,success,62584098000
110,1,2005-01-08 00:00:00.000000,7,20,22,23,29,43,0,3,4566262000,success,57625490000
111,27,2005-01-15 00:00:00.000000,7,18,31,33,36,40,0,6,2199047450,success,57876999000
112,43,2005-01-22 00:00:00.000000,26,29,30,33,41,42,0,9,1567271167,success,59292005000
113,26,2005-01-29 00:00:00.000000,4,9,28,33,36,45,0,9,1561528934,success,59258248000
114,2,2005-02-05 00:00:00.000000,11,14,19,26,28,41,0,6,2362345050,success,60079401000
115,31,2005-02-12 00:00:00.000000,1,2,6,9,25,28,0,9,1488589567,success,59130557000
116,17,2005-02-19 00:00:00.000000,2,4,25,31,34,37,0,7,1997747315,success,61606084000
117,35,2005-02-26 00:00:00.000000,5,10,22,34,36,44,0,9,1558378334,success,59429610000
118,38,2005-03-05 00:00:00.000000,3,4,10,17,19,22,0,10,1297989720,success,57171934000
119,38,2005-03-12 00:00:00.000000,3,11,13,14,17,21,0,9,1474899400,success,57800632000
120,30,2005-03-19 00:00:00.000000,4,6,10,11,32,37,0,3,4364530300,success,57418983000
121,9,2005-03-26 00:00:00.000000,12,28,30,34,38,43,0,2,6839648100,success,57134544000
122,8,2005-04-02 00:00:00.000000,1,11,16,17,36,40,0,9,1450073800,success,56171704000
123,27,2005-04-09 00:00:00.000000,7,17,18,28,30,45,0,5,2532982680,success,54097448000
124,1,2005-04-16 00:00:00.000000,4,16,23,25,29,42,0,9,1395936267,success,54180838000
125,18,2005-04-23 00:00:00.000000,2,8,32,33,35,36,0,7,1754870786,success,53149705000
126,1,2005-04-30 00:00:00.000000,7,20,22,27,40,43,0,9,1369301500,success,52748965000
127,35,2005-05-07 00:00:00.000000,3,5,10,29,32,43,0,6,1965939150,success,50752603000
128,39,2005-05-14 00:00:00.000000,12,30,34,36,37,45,0,6,2064043100,success,52310392000
129,17,2005-05-21 00:00:00.000000,19,23,25,28,38,42,0,11,1093629655,success,51555754000
130,31,2005-05-28 00:00:00.000000,7,19,24,27,42,45,0,4,3036496650,success,51359012000
131,37,2005-06-04 00:00:00.000000,8,10,11,14,15,21,0,8,1451214488,success,50231773000
132,43,2005-06-11 00:00:00.000000,3,17,23,34,41,45,0,4,2920473525,success,49921897000
133,13,2005-06-18 00:00:00.000000,4,7,15,18,23,26,0,8,1450242600,success,50889926000
134,43,2005-06-25 00:00:00.000000,3,12,20,23,31,35,0,5,2349155100,success,50445575000
135,16,2005-07-02 00:00:00.000000,6,14,22,28,35,39,0,7,1717293515,success,51062672000
136,11,2005-07-09 00:00:00.000000,2,16,30,36,41,42,0,6,1997694150,success,51144633000
137,15,2005-07-16 00:00:00.000000,7,9,20,25,36,39,0,9,1270403467,success,49978654000
138,19,2005-07-23 00:00:00.000000,10,11,27,28,37,39,0,5,2227152000,success,47688450000
139,13,2005-07-30 00:00:00.000000,9,11,15,20,28,43,0,7,1650210215,success,48371085000
140,8,2005-08-06 00:00:00.000000,3,13,17,18,19,28,0,5,2109462840,success,45983464000
141,2,2005-08-13 00:00:00.000000,8,12,29,31,42,43,0,6,1900552400,success,48016958000
142,19,2005-08-20 00:00:00.000000,12,16,30,34,40,44,0,11,1018265564,success,48012844000
143,8,2005-08-27 00:00:00.000000,26,27,28,42,43,45,0,3,3954584700,success,49415357000
144,43,2005-09-03 00:00:00.000000,4,15,17,26,36,37,0,8,1402440413,success,49202521000
145,9,2005-09-10 00:00:00.000000,2,3,13,20,27,44,0,3,3797838200,success,48913832000
146,25,2005-09-17 00:00:00.000000,2,19,27,35,41,42,0,2,6043415250,success,50677555000
147,36,2005-09-24 00:00:00.000000,4,6,13,21,40,42,0,7,1700040215,success,50345605000
148,17,2005-10-01 00:00:00.000000,21,25,33,34,35,36,0,5,2323596420,success,49523247000
149,27,2005-10-08 00:00:00.000000,2,11,21,34,41,42,0,7,1639052143,success,48406950000
150,16,2005-10-15 00:00:00.000000,2,18,25,28,37,39,0,4,2831645850,success,48763778000
151,15,2005-10-22 00:00:00.000000,1,2,10,13,18,19,0,4,2716634025,success,47357067000
152,43,2005-10-29 00:00:00.000000,1,5,13,26,29,34,0,5,2278131840,success,48180334000
153,33,2005-11-05 00:00:00.000000,3,8,11,12,13,36,0,4,2730526125,success,47777735000
154,20,2005-11-12 00:00:00.000000,6,19,21,35,40,45,0,4,2836628700,success,48022386000
155,4,2005-11-19 00:00:00.000000,16,19,20,32,33,41,0,9,1193005734,success,46140202000
156,2,2005-11-26 00:00:00.000000,5,18,28,30,42,45,0,8,1401099900,success,47344584000
157,37,2005-12-03 00:00:00.000000,19,26,30,33,35,39,0,2,5484903750,success,46853365000
158,7,2005-12-10 00:00:00.000000,4,9,13,18,21,34,0,10,1069544340,success,46368888000
159,32,2005-12-17 00:00:00.000000,1,18,30,41,42,43,0,6,1755407300,success,44311926000
160,1,2005-12-24 00:00:00.000000,3,7,8,34,39,41,0,2,5490805350,success,46833239000
161,44,2005-12-31 00:00:00.000000,22,34,36,40,42,45,0,7,1996876272,success,53096453000
162,24,2006-01-07 00:00:00.000000,1,5,21,25,38,41,0,5,2308265760,success,49050086000
163,16,2006-01-14 00:00:00.000000,7,11,26,28,29,44,0,7,1629726515,success,49018952000
164,27,2006-01-21 00:00:00.000000,6,9,10,11,39,41,0,3,4054937900,success,53052119000
165,31,2006-01-28 00:00:00.000000,5,13,18,19,22,42,0,2,6767426700,success,58088118000
166,14,2006-02-04 00:00:00.000000,9,12,27,36,39,45,0,11,1111299982,success,52157466000
167,4,2006-02-11 00:00:00.000000,24,27,28,30,36,39,0,5,2491222920,success,52744392000
168,30,2006-02-18 00:00:00.000000,3,10,31,40,42,43,0,5,2349946920,success,51496212000
169,19,2006-02-25 00:00:00.000000,16,27,35,37,43,45,0,5,2482888380,success,52076183000
170,10,2006-03-04 00:00:00.000000,2,11,13,15,31,42,0,6,1923108250,success,49718245000
171,1,2006-03-11 00:00:00.000000,4,16,25,29,34,35,0,6,1961339700,success,50357474000
172,35,2006-03-18 00:00:00.000000,4,19,21,24,26,41,0,11,1081154073,success,50758266000
173,18,2006-03-25 00:00:00.000000,3,9,24,30,33,34,0,8,1487736788,success,52286521000
174,16,2006-04-01 00:00:00.000000,13,14,18,22,35,39,0,7,1771103058,success,52340568000
175,17,2006-04-08 00:00:00.000000,19,26,28,31,33,36,0,5,2371132620,success,50895147000
176,15,2006-04-15 00:00:00.000000,4,17,30,32,33,34,0,5,2314663080,success,50488528000
177,6,2006-04-22 00:00:00.000000,1,10,13,16,37,43,0,7,1693285500,success,50480325000
178,9,2006-04-29 00:00:00.000000,1,5,11,12,18,23,0,5,2254621080,success,49582758000
179,32,2006-05-06 00:00:00.000000,5,9,17,25,39,43,0,10,1081093920,success,47291694000
180,22,2006-05-13 00:00:00.000000,2,15,20,21,29,34,0,2,5763371550,success,48895477000
181,44,2006-05-20 00:00:00.000000,14,21,23,32,40,45,0,6,1941763300,success,49124446000
182,35,2006-05-27 00:00:00.000000,13,15,27,29,34,40,0,3,3721439400,success,47222594000
183,5,2006-06-03 00:00:00.000000,2,18,24,34,40,42,0,6,1777221500,success,45938460000
184,41,2006-06-10 00:00:00.000000,1,2,6,16,20,33,0,6,1747753050,success,45503351000
185,14,2006-06-17 00:00:00.000000,1,2,4,8,19,38,0,3,3522485800,success,45783088000
186,9,2006-06-24 00:00:00.000000,4,10,14,19,21,45,0,9,1187882600,success,45484428000
187,42,2006-07-01 00:00:00.000000,1,2,8,18,29,38,0,7,1544733900,success,45855961000
188,36,2006-07-08 00:00:00.000000,19,24,27,30,31,34,0,3,3501405200,success,45176242000
189,28,2006-07-15 00:00:00.000000,8,14,32,35,37,45,0,3,3461775100,success,43650551000
190,15,2006-07-22 00:00:00.000000,8,14,18,30,31,44,0,6,1784159450,success,44864459000
191,8,2006-07-29 00:00:00.000000,5,6,24,25,32,37,0,4,2577114675,success,44534869000
192,33,2006-08-05 00:00:00.000000,4,8,11,18,37,45,0,4,2445348375,success,42035065000
193,13,2006-08-12 00:00:00.000000,6,14,18,26,36,39,0,3,3404449700,success,43788477000
194,28,2006-08-19 00:00:00.000000,15,20,23,26,39,44,0,4,2650567875,success,44511515000
195,31,2006-08-26 00:00:00.000000,7,10,19,22,35,40,0,11,918992591,success,44374725000
196,30,2006-09-02 00:00:00.000000,35,36,37,41,44,45,0,15,727876520,success,45773496000
197,4,2006-09-09 00:00:00.000000,7,12,16,34,42,45,0,6,1803018300,success,45993306000
198,2,2006-09-16 00:00:00.000000,12,19,20,25,41,45,0,6,1797855050,success,45614021000
199,43,2006-09-23 00:00:00.000000,14,21,22,25,30,36,0,2,5344252200,success,45021068000
200,7,2006-09-30 00:00:00.000000,5,6,13,14,17,20,0,8,1344616613,success,46640423000
201,26,2006-10-07 00:00:00.000000,3,11,24,38,39,44,0,1,9719465400,success,42254768000
202,17,2006-10-14 00:00:00.000000,12,14,27,33,39,44,0,6,1893391700,success,48304034000
203,7,2006-10-21 00:00:00.000000,1,3,11,24,30,32,0,5,2164564740,success,47033359000
204,5,2006-10-28 00:00:00.000000,3,12,14,35,40,45,0,8,1358347125,success,46077750000
205,30,2006-11-04 00:00:00.000000,1,3,21,29,35,37,0,6,1835221800,success,46330516000
206,43,2006-11-11 00:00:00.000000,1,2,3,15,20,25,0,5,2032859340,success,44326979000
207,38,2006-11-18 00:00:00.000000,3,11,14,31,32,37,0,5,2104673760,success,45282336000
208,24,2006-11-25 00:00:00.000000,14,25,31,34,40,44,0,6,1760767400,success,45516378000
209,37,2006-12-02 00:00:00.000000,2,7,18,20,24,33,0,6,1660896350,success,43753377000
210,39,2006-12-09 00:00:00.000000,10,19,22,23,25,37,0,2,5139085950,success,44757963000
211,8,2006-12-16 00:00:00.000000,12,13,17,20,33,41,0,10,1035800250,success,45332675000
212,8,2006-12-23 00:00:00.000000,11,12,18,21,31,38,0,4,2660747250,success,46139120000
213,42,2006-12-30 00:00:00.000000,2,3,4,5,20,24,0,8,1376678025,success,48745094000
214,32,2007-01-06 00:00:00.000000,5,7,20,25,28,37,0,8,1406980875,success,49195740000
215,4,2007-01-13 00:00:00.000000,2,3,7,15,43,44,0,7,1587689615,success,47675761000
216,1,2007-01-20 00:00:00.000000,7,16,17,33,36,40,0,13,848506108,success,48342018000
217,38,2007-01-27 00:00:00.000000,16,20,27,33,35,39,0,7,1611246172,success,48260644000
218,20,2007-02-03 00:00:00.000000,1,8,14,18,29,44,0,4,2779075800,success,47018314000
219,16,2007-02-10 00:00:00.000000,4,11,20,26,35,37,0,9,1208409167,success,46903745000
220,31,2007-02-17 00:00:00.000000,5,11,19,21,34,43,0,6,1958094950,success,50383399000
221,10,2007-02-24 00:00:00.000000,2,20,33,35,37,40,0,6,1800104250,success,47674135000
222,44,2007-03-03 00:00:00.000000,5,7,28,29,39,43,0,5,2275193820,success,47735197000
223,38,2007-03-10 00:00:00.000000,1,3,18,20,26,27,0,7,1498170600,success,46036874000
224,7,2007-03-17 00:00:00.000000,4,19,26,27,30,42,0,6,1808969950,success,46435109000
225,7,2007-03-24 00:00:00.000000,5,11,13,19,31,36,0,6,1777201800,success,46352016000
226,34,2007-03-31 00:00:00.000000,2,6,8,14,21,22,0,6,1744100150,success,45145643000
227,2,2007-04-07 00:00:00.000000,4,5,15,16,22,42,0,2,5253542400,success,44444776000
228,23,2007-04-14 00:00:00.000000,17,25,35,36,39,44,0,9,1146700334,success,44764100000
229,35,2007-04-21 00:00:00.000000,4,5,9,11,23,38,0,7,1451441100,success,44762989000
230,12,2007-04-28 00:00:00.000000,5,11,14,29,32,33,0,8,1292929163,success,44191351000
231,27,2007-05-05 00:00:00.000000,5,10,19,31,44,45,0,9,1088365900,success,42355627000
232,35,2007-05-12 00:00:00.000000,8,9,10,12,24,44,0,9,1110918400,success,43564632000
233,39,2007-05-19 00:00:00.000000,4,6,13,17,28,40,0,10,999153750,success,43516805000
234,4,2007-05-26 00:00:00.000000,13,21,22,24,26,37,0,4,2519743875,success,42814085000
235,8,2007-06-02 00:00:00.000000,21,22,26,27,31,37,0,3,3433330100,success,43347391000
236,7,2007-06-09 00:00:00.000000,1,4,8,13,37,39,0,2,5030040150,success,42941871000
237,33,2007-06-16 00:00:00.000000,1,11,17,21,24,44,0,7,1440630729,success,43358287000
238,35,2007-06-23 00:00:00.000000,2,4,15,28,31,34,0,9,1121660567,success,42952477000
239,7,2007-06-30 00:00:00.000000,11,15,24,39,41,44,0,9,1134140167,success,43296565000
240,21,2007-07-07 00:00:00.000000,6,10,16,40,41,43,0,2,5098251450,success,43603443000
241,21,2007-07-14 00:00:00.000000,2,16,24,27,28,35,0,4,2552016300,success,43246894000
242,43,2007-07-21 00:00:00.000000,4,19,20,21,32,34,0,8,1234542375,success,42679760000
243,34,2007-07-28 00:00:00.000000,2,12,17,19,28,42,0,4,2408850000,success,41304830000
244,19,2007-08-04 00:00:00.000000,13,16,25,36,37,38,0,1,9121583100,success,39411047000
245,22,2007-08-11 00:00:00.000000,9,11,27,31,32,38,0,7,1382583129,success,41854623000
246,15,2007-08-18 00:00:00.000000,13,18,21,23,26,39,0,5,1911774240,success,41453154000
247,13,2007-08-25 00:00:00.000000,12,15,28,36,39,40,0,6,1669313900,success,42231698000
248,13,2007-09-01 00:00:00.000000,3,8,17,23,38,45,0,8,1227479363,success,42348403000
249,11,2007-09-08 00:00:00.000000,3,8,27,31,41,44,0,6,1663568700,success,42539134000
250,38,2007-09-15 00:00:00.000000,19,23,30,37,43,45,0,5,1994726280,success,42122808000
251,45,2007-09-22 00:00:00.000000,6,7,19,25,28,38,0,8,1282616400,success,44493014000
252,28,2007-09-29 00:00:00.000000,14,23,26,31,39,45,0,7,1391089715,success,41207920000
253,33,2007-10-06 00:00:00.000000,8,19,25,31,34,36,0,4,2466189525,success,42309347000
254,27,2007-10-13 00:00:00.000000,1,5,19,20,24,30,0,1,9741015900,success,42259113000
255,32,2007-10-20 00:00:00.000000,1,5,6,24,27,42,0,6,1598618550,success,41425341000
256,32,2007-10-27 00:00:00.000000,4,11,14,21,23,43,0,2,4891017000,success,41996580000
257,4,2007-11-03 00:00:00.000000,6,13,27,31,32,37,0,4,2391377025,success,41433637000
258,17,2007-11-10 00:00:00.000000,14,27,30,31,38,40,0,4,2426434350,success,41364428000
259,34,2007-11-17 00:00:00.000000,4,5,14,35,42,45,0,2,4838533500,success,40905570000
260,43,2007-11-24 00:00:00.000000,7,12,15,24,37,40,0,4,2310085575,success,40140211000
261,2,2007-12-01 00:00:00.000000,6,11,16,18,31,43,0,3,3192299100,success,41215041000
262,36,2007-12-08 00:00:00.000000,9,12,24,25,29,31,0,2,4518741600,success,39232234000
263,18,2007-12-15 00:00:00.000000,1,27,28,32,37,40,0,6,1551704900,success,39677128000
264,5,2007-12-22 00:00:00.000000,9,16,27,36,41,44,0,7,1344889200,success,39783178000
265,12,2007-12-29 00:00:00.000000,5,9,34,37,38,39,0,8,1200838575,success,40913922000
266,37,2008-01-05 00:00:00.000000,3,4,9,11,22,42,0,3,3207211700,success,41937067000
267,1,2008-01-12 00:00:00.000000,7,8,24,34,36,41,0,3,3257663300,success,41835853000
268,12,2008-01-19 00:00:00.000000,3,10,19,24,32,45,0,7,1350954515,success,41213802000
269,32,2008-01-26 00:00:00.000000,5,18,20,36,42,43,0,5,1961399940,success,41357619000
270,27,2008-02-02 00:00:00.000000,5,9,12,20,21,26,0,5,1927830060,success,41845351000
271,36,2008-02-09 00:00:00.000000,3,8,9,27,29,40,0,6,1565918150,success,40879633000
272,28,2008-02-16 00:00:00.000000,7,9,12,27,39,43,0,9,1104622800,success,43310674000
273,6,2008-02-23 00:00:00.000000,1,8,24,31,34,44,0,3,3339543100,success,42816211000
274,25,2008-03-01 00:00:00.000000,13,14,15,26,35,39,0,4,2505085575,success,42631711000
275,26,2008-03-08 00:00:00.000000,14,19,20,35,38,40,0,1,10044066900,success,42329813000
276,25,2008-03-15 00:00:00.000000,4,15,21,33,39,41,0,3,3312569000,success,42567610000
277,20,2008-03-22 00:00:00.000000,10,12,13,15,25,29,0,3,3272627800,success,41868708000
278,13,2008-03-29 00:00:00.000000,3,11,37,39,41,43,0,3,3186530000,success,41088180000
279,11,2008-04-05 00:00:00.000000,7,16,31,36,37,38,0,5,1914205320,success,41130542000
280,35,2008-04-12 00:00:00.000000,10,11,23,24,36,37,0,7,1355258529,success,40673999000
281,12,2008-04-19 00:00:00.000000,1,3,4,6,14,41,0,6,1554683200,success,40800514000
282,30,2008-04-26 00:00:00.000000,2,5,10,18,31,32,0,7,1322052643,success,41051175000
283,42,2008-05-03 00:00:00.000000,6,8,18,31,38,45,0,3,3137224600,success,40133316000
284,28,2008-05-10 00:00:00.000000,2,7,15,24,30,45,0,3,3117640300,success,39773403000
285,2,2008-05-17 00:00:00.000000,13,33,37,40,41,45,0,3,3164370100,success,40364871000
286,17,2008-05-24 00:00:00.000000,1,15,19,40,42,44,0,3,3236566300,success,40944483000
287,41,2008-05-31 00:00:00.000000,6,12,24,27,35,37,0,7,1328657100,success,40623489000
288,10,2008-06-07 00:00:00.000000,1,12,17,28,35,41,0,4,2357261550,success,39970134000
289,10,2008-06-14 00:00:00.000000,3,14,33,37,38,42,9181683900,0,0,success,39406643000
290,7,2008-06-21 00:00:00.000000,8,13,18,32,39,45,0,13,2149214424,success,80362302000
291,45,2008-06-28 00:00:00.000000,3,7,8,18,20,42,0,7,1450585200,success,44143418000
292,10,2008-07-05 00:00:00.000000,17,18,31,32,33,34,0,14,720373950,success,43394631000
293,24,2008-07-12 00:00:00.000000,1,9,17,21,29,33,0,6,1656764400,success,42399708000
294,40,2008-07-19 00:00:00.000000,6,10,17,30,37,38,9626019900,4,2406504975,success,41563813000
295,8,2008-07-26 00:00:00.000000,1,4,12,16,18,38,9823300500,0,0,success,42248135000
296,44,2008-08-02 00:00:00.000000,3,8,15,27,30,45,24528706200,8,3066088275,success,63377899000
297,34,2008-08-09 00:00:00.000000,6,11,19,20,28,32,10113337500,2,5056668750,success,43641475000
298,19,2008-08-16 00:00:00.000000,5,9,27,29,37,40,9909778500,1,9909778500,success,43151675000
299,24,2008-08-23 00:00:00.000000,1,3,20,25,36,45,10386407700,7,1483772529,success,44463909000
300,39,2008-08-30 00:00:00.000000,7,9,10,12,26,38,10033109100,12,836092425,success,44465047000
301,26,2008-09-06 00:00:00.000000,7,11,13,33,37,43,10131695100,7,1447385015,success,44377177000
302,4,2008-09-13 00:00:00.000000,13,19,20,32,38,42,10944334500,2,5472167250,success,46382605000
303,43,2008-09-20 00:00:00.000000,2,14,17,30,38,45,10036494000,6,1672749000,success,42841760000
304,38,2008-09-27 00:00:00.000000,4,10,16,26,33,41,9969876900,6,1661646150,success,43158653000
305,9,2008-10-04 00:00:00.000000,7,8,18,21,23,39,10041050700,5,2008210140,success,43960659000
306,19,2008-10-11 00:00:00.000000,4,18,23,30,34,41,10513347600,5,2102669520,success,44421462000
307,12,2008-10-18 00:00:00.000000,5,15,21,23,25,45,10350573000,4,2587643250,success,43880990000
308,40,2008-10-25 00:00:00.000000,14,15,17,19,37,45,10232872800,1,10232872800,success,43339416000
309,22,2008-11-01 00:00:00.000000,1,2,5,11,18,36,9917852400,11,901622946,success,44157528000
310,16,2008-11-08 00:00:00.000000,1,5,19,28,34,41,10373706600,8,1296713325,success,43718082000
311,10,2008-11-15 00:00:00.000000,4,12,24,27,28,32,9901528500,8,1237691063,success,43209215000
312,25,2008-11-22 00:00:00.000000,2,3,5,6,12,20,9435267300,15,629017820,success,42255391000
313,2,2008-11-29 00:00:00.000000,9,17,34,35,43,45,10292536800,6,1715422800,success,43672096000
314,2,2008-12-06 00:00:00.000000,15,17,19,34,38,41,9963073200,6,1660512200,success,42328094000
315,23,2008-12-13 00:00:00.000000,1,13,33,35,43,45,10469829000,8,1308728625,success,44339180000
316,43,2008-12-20 00:00:00.000000,10,11,21,27,31,39,10041518400,6,1673586400,success,44073768000
317,8,2008-12-27 00:00:00.000000,3,10,11,22,36,39,10305034200,4,2576258550,success,44135114000
318,21,2009-01-03 00:00:00.000000,2,17,19,20,34,45,10866929400,9,1207436600,success,46663728000
319,37,2009-01-10 00:00:00.000000,5,8,22,28,33,42,10678296900,5,2135659380,success,45435183000
320,3,2009-01-17 00:00:00.000000,16,19,23,25,41,45,11026135800,2,5513067900,success,46659886000
321,42,2009-01-24 00:00:00.000000,12,18,20,21,25,34,11754816600,6,1959136100,success,50617982000
322,20,2009-01-31 00:00:00.000000,9,18,29,32,38,43,11427268200,6,1904544700,success,48948294000
323,3,2009-02-07 00:00:00.000000,10,14,15,32,36,42,11688203100,8,1461025388,success,49209477000
324,17,2009-02-14 00:00:00.000000,2,4,21,25,33,36,11190782100,6,1865130350,success,47988317000
325,33,2009-02-21 00:00:00.000000,7,17,20,32,44,45,10836734700,6,1806122450,success,46636979000
326,40,2009-02-28 00:00:00.000000,16,23,25,33,36,39,10992807300,6,1832134550,success,47224551000
327,24,2009-03-07 00:00:00.000000,6,12,13,17,32,44,10592097000,12,882674750,success,45791560000
328,24,2009-03-14 00:00:00.000000,1,6,9,16,17,28,10918775400,6,1819795900,success,47316988000
329,4,2009-03-21 00:00:00.000000,9,17,19,30,35,42,10982347200,6,1830391200,success,47198504000
330,23,2009-03-28 00:00:00.000000,3,4,16,17,19,20,10460521800,9,1162280200,success,45859496000
331,39,2009-04-04 00:00:00.000000,4,9,14,26,31,44,10829513100,5,2165902620,success,46641467000
332,3,2009-04-11 00:00:00.000000,16,17,34,36,42,45,10875587100,8,1359448388,success,46042557000
333,35,2009-04-18 00:00:00.000000,5,14,27,30,39,43,10856910000,7,1550987143,success,46019070000
334,33,2009-04-25 00:00:00.000000,13,15,21,29,39,43,10661020800,7,1523002972,success,44439656000
335,21,2009-05-02 00:00:00.000000,5,9,16,23,26,45,10187462400,5,2037492480,success,43977478000
336,16,2009-05-09 00:00:00.000000,3,5,20,34,35,44,10113795900,6,1685632650,success,43069333000
337,4,2009-05-16 00:00:00.000000,1,5,14,18,32,37,10060004100,8,1257500513,success,43432467000
338,16,2009-05-23 00:00:00.000000,2,13,34,38,42,45,10150293000,3,3383431000,success,43136020000
339,45,2009-05-30 00:00:00.000000,6,8,14,21,30,37,9871005000,9,1096778334,success,42035640000
340,32,2009-06-06 00:00:00.000000,18,24,26,29,34,38,10075752300,7,1439393186,success,42892121000
341,41,2009-06-13 00:00:00.000000,1,8,19,34,39,43,10480454400,7,1497207772,success,44722448000
342,25,2009-06-20 00:00:00.000000,1,13,14,33,34,43,10362287400,3,3454095800,success,43782188000
343,15,2009-06-27 00:00:00.000000,1,10,17,29,31,43,10302918000,6,1717153000,success,43656460000
344,38,2009-07-04 00:00:00.000000,1,2,15,28,34,45,10269745800,7,1467106543,success,43838886000
345,2,2009-07-11 00:00:00.000000,15,20,23,29,39,42,10407155100,2,5203577550,success,43530937000
346,33,2009-07-18 00:00:00.000000,5,13,14,22,44,45,10088636700,5,2017727340,success,42862389000
347,10,2009-07-25 00:00:00.000000,3,8,13,27,32,42,10196370000,7,1456624286,success,44219740000
348,34,2009-08-01 00:00:00.000000,3,14,17,20,24,31,9899982000,3,3299994000,success,42786310000
349,36,2009-08-08 00:00:00.000000,5,13,14,20,24,25,10059627000,3,3353209000,success,43433870000
350,35,2009-08-15 00:00:00.000000,1,8,18,24,29,33,9909472200,9,1101052467,success,42681094000
351,33,2009-08-22 00:00:00.000000,5,25,27,29,34,36,10333428600,4,2583357150,success,43947492000
352,24,2009-08-29 00:00:00.000000,5,16,17,20,26,41,10397149500,6,1732858250,success,44719545000
353,26,2009-09-05 00:00:00.000000,11,16,19,22,29,36,10581676500,2,5290838250,success,44552925000
354,1,2009-09-12 00:00:00.000000,14,19,36,43,44,45,10622321700,5,2124464340,success,44709689000
355,38,2009-09-19 00:00:00.000000,5,8,29,30,35,44,10727124000,5,2145424800,success,45017050000
356,24,2009-09-26 00:00:00.000000,2,8,14,25,29,45,10414667400,9,1157185267,success,44684958000
357,5,2009-10-03 00:00:00.000000,10,14,18,21,36,37,10626788700,2,5313394350,success,45232409000
358,37,2009-10-10 00:00:00.000000,1,9,10,12,21,40,10417964700,3,3472654900,success,45651829000
359,23,2009-10-17 00:00:00.000000,1,10,19,20,24,40,10293700800,8,1286712600,success,45288256000
360,27,2009-10-24 00:00:00.000000,4,16,23,25,35,40,10700148600,3,3566716200,success,45719032000
361,33,2009-10-31 00:00:00.000000,5,10,16,24,27,35,10311805800,7,1473115115,success,45062676000
362,29,2009-11-07 00:00:00.000000,2,3,22,27,30,40,10376547900,6,1729424650,success,44336363000
363,6,2009-11-14 00:00:00.000000,11,12,14,21,32,38,10463642400,4,2615910600,success,44863948000
364,4,2009-11-21 00:00:00.000000,2,5,7,14,16,40,10127659200,4,2531914800,success,44192004000
365,31,2009-11-28 00:00:00.000000,5,15,21,25,26,30,10697716800,1,10697716800,success,45806066000
366,38,2009-12-05 00:00:00.000000,5,12,19,26,27,44,10703107800,2,5351553900,success,45962166000
367,19,2009-12-12 00:00:00.000000,3,22,25,29,32,44,11072156100,7,1581736586,success,46459307000
368,26,2009-12-19 00:00:00.000000,11,21,24,30,39,45,10260775800,7,1465825115,success,43746046000
369,21,2009-12-26 00:00:00.000000,17,20,35,36,41,43,11053066500,6,1842177750,success,46716275000
370,17,2010-01-02 00:00:00.000000,16,18,24,42,44,45,11752593600,7,1678941943,success,49762652000
371,18,2010-01-09 00:00:00.000000,7,9,15,26,27,42,10668913800,7,1524130543,success,45843166000
372,13,2010-01-16 00:00:00.000000,8,11,14,16,18,21,10733338800,9,1192593200,success,46167066000
373,9,2010-01-23 00:00:00.000000,15,26,37,42,43,45,11167204500,4,2791801125,success,47095065000
374,26,2010-01-30 00:00:00.000000,11,13,15,17,25,34,11057435700,2,5528717850,success,48081319000
375,7,2010-02-06 00:00:00.000000,4,8,19,25,27,45,11068988400,7,1581284058,success,47864938000
376,7,2010-02-13 00:00:00.000000,1,11,13,24,28,40,11741494800,6,1956915800,success,50657096000
377,23,2010-02-20 00:00:00.000000,6,22,29,37,43,45,11736256200,3,3912085400,success,49218434000
378,43,2010-02-27 00:00:00.000000,5,22,29,31,34,39,11588491200,5,2317698240,success,48866964000
379,19,2010-03-06 00:00:00.000000,6,10,22,31,35,40,11192998500,7,1598999786,success,47537685000
380,27,2010-03-13 00:00:00.000000,1,2,8,17,26,37,10737099300,4,2684274825,success,47164371000
381,11,2010-03-20 00:00:00.000000,1,5,10,12,16,20,10749039900,19,565738895,success,47943113000
382,19,2010-03-27 00:00:00.000000,10,15,22,24,27,42,11080049400,6,1846674900,success,47401288000
383,25,2010-04-03 00:00:00.000000,4,15,28,33,37,40,10789566300,3,3596522100,success,46067051000
384,7,2010-04-10 00:00:00.000000,11,22,24,32,36,38,10976202600,3,3658734200,success,46888942000
385,9,2010-04-17 00:00:00.000000,7,12,19,21,29,32,10794228900,7,1542032700,success,46243483000
386,26,2010-04-24 00:00:00.000000,4,7,10,19,31,40,10429533300,10,1042953330,success,45907331000
387,20,2010-05-01 00:00:00.000000,1,26,31,34,40,43,10702134000,4,2675533500,success,45459960000
388,45,2010-05-08 00:00:00.000000,1,8,9,17,29,32,10182175500,4,2545543875,success,44308705000
389,3,2010-05-15 00:00:00.000000,7,16,18,20,23,26,10595135100,5,2119027020,success,45534027000
390,15,2010-05-22 00:00:00.000000,16,17,28,37,39,40,10373997900,1,10373997900,success,44189673000
391,30,2010-05-29 00:00:00.000000,10,11,18,22,28,39,10508749800,1,10508749800,success,45161516000
392,43,2010-06-05 00:00:00.000000,1,3,7,8,24,42,10281172200,6,1713528700,success,45528684000
393,21,2010-06-12 00:00:00.000000,9,16,28,40,41,43,10896031800,8,1362003975,success,45989116000
394,15,2010-06-19 00:00:00.000000,1,13,20,22,25,28,10654349100,1,10654349100,success,45192337000
395,7,2010-06-26 00:00:00.000000,11,15,20,26,31,35,10742445000,7,1534635000,success,46192580000
396,30,2010-07-03 00:00:00.000000,18,20,31,34,40,45,10593244800,2,5296622400,success,45463736000
397,8,2010-07-10 00:00:00.000000,12,13,17,22,25,33,10498559100,3,3499519700,success,45890007000
398,7,2010-07-17 00:00:00.000000,10,15,20,23,42,44,10722502200,4,2680625550,success,45427304000
399,20,2010-07-24 00:00:00.000000,1,2,9,17,19,42,10214839800,8,1276854975,success,45551786000
400,2,2010-07-31 00:00:00.000000,9,21,27,34,41,43,10679337300,4,2669834325,success,45379731000
401,9,2010-08-07 00:00:00.000000,6,12,18,31,38,43,10513933125,9,1168214792,success,43491965000
402,32,2010-08-14 00:00:00.000000,5,9,15,19,22,36,10648824750,4,2662206188,success,45002946000
403,26,2010-08-21 00:00:00.000000,10,14,22,24,28,37,10611984375,5,2122396875,success,44911335000
404,36,2010-08-28 00:00:00.000000,5,20,21,24,33,40,10699978125,3,3566659375,success,45389825000
405,4,2010-09-04 00:00:00.000000,1,2,10,25,26,44,10631634000,3,3543878000,success,45220904000
406,45,2010-09-11 00:00:00.000000,7,12,21,24,27,36,10780712250,5,2156142450,success,46062206000
407,1,2010-09-18 00:00:00.000000,6,7,13,16,24,25,11547951000,7,1649707286,success,48429586000
408,16,2010-09-25 00:00:00.000000,9,20,21,22,30,37,11176879125,5,2235375825,success,46406711000
409,38,2010-10-02 00:00:00.000000,6,9,21,31,32,40,11587959000,4,2896989750,success,47924584000
410,16,2010-10-09 00:00:00.000000,1,3,18,32,40,41,11244021375,9,1249335709,success,47467817000
411,5,2010-10-16 00:00:00.000000,11,14,22,35,37,39,11438730750,12,953227563,success,47259122000
412,40,2010-10-23 00:00:00.000000,4,7,39,41,42,45,11593398750,7,1656199822,success,47066180000
413,3,2010-10-30 00:00:00.000000,2,9,15,23,34,40,11258694000,4,2814673500,success,46925724000
414,43,2010-11-06 00:00:00.000000,2,14,15,22,23,44,11703832500,1,11703832500,success,46910990000
415,24,2010-11-13 00:00:00.000000,7,17,20,26,30,40,10673459250,8,1334182407,success,46746048000
416,44,2010-11-20 00:00:00.000000,5,6,8,11,22,26,10720371000,10,1072037100,success,46854806000
417,44,2010-11-27 00:00:00.000000,4,5,14,20,22,43,11273319750,4,2818329938,success,45968256000
418,31,2010-12-04 00:00:00.000000,11,13,15,26,28,34,11485198125,8,1435649766,success,47058055000
419,7,2010-12-11 00:00:00.000000,2,11,13,14,28,30,11389472250,3,3796490750,success,46508296000
420,27,2010-12-18 00:00:00.000000,4,9,10,29,31,34,11398851000,8,1424856375,success,47345476000
421,30,2010-12-25 00:00:00.000000,6,11,26,27,28,44,11605721625,5,2321144325,success,47752021000
422,12,2011-01-01 00:00:00.000000,8,15,19,21,34,44,13231508250,6,2205251375,success,52730602000
423,5,2011-01-08 00:00:00.000000,1,17,27,28,29,40,11688461625,3,3896153875,success,49668311000
424,30,2011-01-15 00:00:00.000000,10,11,26,31,34,44,11094808125,10,1109480813,success,48728445000
425,3,2011-01-22 00:00:00.000000,8,10,14,27,33,38,12278664000,8,1534833000,success,50459694000
426,19,2011-01-29 00:00:00.000000,4,17,18,27,39,43,12228934500,4,3057233625,success,51466592000
427,21,2011-02-05 00:00:00.000000,6,7,15,24,28,30,12571445625,1,12571445625,success,52511055000
428,8,2011-02-12 00:00:00.000000,12,16,19,22,37,40,12939148875,9,1437683209,success,54685007000
429,16,2011-02-19 00:00:00.000000,3,23,28,34,39,42,13373142375,9,1485904709,success,53993833000
430,44,2011-02-26 00:00:00.000000,1,3,16,18,30,34,12894105750,8,1611763219,success,53194872000
431,6,2011-03-05 00:00:00.000000,18,22,25,31,38,45,12684340125,10,1268434013,success,51661947000
432,33,2011-03-12 00:00:00.000000,2,3,5,11,27,39,11497137750,5,2299427550,success,52348574000
433,27,2011-03-19 00:00:00.000000,19,23,29,33,35,43,13005238500,11,1182294410,success,52396606000
434,35,2011-03-26 00:00:00.000000,3,13,20,24,33,37,11840482125,8,1480060266,success,51579439000
435,42,2011-04-02 00:00:00.000000,8,16,26,30,38,45,12875500125,10,1287550013,success,52341267000
436,28,2011-04-09 00:00:00.000000,9,14,20,22,33,34,12098132625,8,1512266579,success,50869017000
437,21,2011-04-16 00:00:00.000000,11,16,29,38,41,44,12577472625,6,2096245438,success,50798417000
438,45,2011-04-23 00:00:00.000000,6,12,20,26,29,38,12394279500,9,1377142167,success,50370042000
439,25,2011-04-30 00:00:00.000000,17,20,30,31,37,40,11400464250,6,1900077375,success,49680708000
440,2,2011-05-07 00:00:00.000000,10,22,28,34,36,44,11975238000,6,1995873000,success,49810778000
441,9,2011-05-14 00:00:00.000000,1,23,28,30,34,35,12681668250,4,3170417063,success,50272122000
442,41,2011-05-21 00:00:00.000000,25,27,29,36,38,40,12720717375,9,1413413042,success,51219943000
443,14,2011-05-28 00:00:00.000000,4,6,10,19,20,44,11948378250,9,1327597584,success,51236072000
444,17,2011-06-04 00:00:00.000000,11,13,23,35,43,45,12462565875,3,4154188625,success,50673529000
445,32,2011-06-11 00:00:00.000000,13,20,21,30,39,45,12541781250,7,1791683036,success,50053080000
446,6,2011-06-18 00:00:00.000000,1,11,12,14,26,35,12153742875,3,4051247625,success,50595241000
447,34,2011-06-25 00:00:00.000000,2,7,8,9,17,33,10631764500,4,2657941125,success,49555042000
448,36,2011-07-02 00:00:00.000000,3,7,13,27,40,41,12078638250,3,4026212750,success,51341262000
449,36,2011-07-09 00:00:00.000000,3,10,20,26,35,43,12179145750,3,4059715250,success,50214272000
450,13,2011-07-16 00:00:00.000000,6,14,19,21,23,31,11942349750,6,1990391625,success,49732036000
451,29,2011-07-23 00:00:00.000000,12,15,20,24,30,38,11467806375,13,882138952,success,49861167000
452,27,2011-07-30 00:00:00.000000,8,10,18,30,32,34,11492118000,9,1276902000,success,48456758000
453,30,2011-08-06 00:00:00.000000,12,24,33,38,40,42,11313661875,5,2262732375,success,48055125000
454,10,2011-08-13 00:00:00.000000,13,25,27,34,38,41,11263879125,7,1609125590,success,48389211000
455,24,2011-08-20 00:00:00.000000,4,19,20,26,30,35,11449980375,7,1635711483,success,48769851000
456,44,2011-08-27 00:00:00.000000,1,7,12,18,23,27,11189535375,7,1598505054,success,49420681000
457,33,2011-09-03 00:00:00.000000,8,10,18,23,27,40,11599028250,10,1159902825,success,49679052000
458,18,2011-09-10 00:00:00.000000,4,9,10,32,36,40,12870501000,8,1608812625,success,53778256000
459,12,2011-09-17 00:00:00.000000,4,6,10,14,25,40,11590895625,7,1655842233,success,49890095000
460,41,2011-09-24 00:00:00.000000,8,11,28,30,43,45,12723583125,4,3180895782,success,51917635000
461,43,2011-10-01 00:00:00.000000,11,18,26,31,37,40,11692049250,6,1948674875,success,50624588000
462,4,2011-10-08 00:00:00.000000,3,20,24,32,37,45,11868474375,8,1483559297,success,49325555000
463,40,2011-10-15 00:00:00.000000,23,29,31,33,34,44,12140599125,0,0,success,49205151000
464,4,2011-10-22 00:00:00.000000,6,12,15,34,42,44,43624374375,13,3355721106,success,126772274000
465,31,2011-10-29 00:00:00.000000,1,8,11,13,22,38,13465640250,7,1923662893,success,57793294000
466,20,2011-11-05 00:00:00.000000,4,10,13,23,32,44,13772821125,9,1530313459,success,58314753000
467,39,2011-11-12 00:00:00.000000,2,12,14,17,24,40,12918969750,9,1435441084,success,57383906000
468,17,2011-11-19 00:00:00.000000,8,13,15,28,37,43,13744774500,9,1527197167,success,55598552000
469,33,2011-11-26 00:00:00.000000,4,21,22,34,37,38,13320525000,4,3330131250,success,53364940000
470,27,2011-12-03 00:00:00.000000,10,16,20,39,41,42,12999991875,3,4333330625,success,53912965000
471,43,2011-12-10 00:00:00.000000,6,13,29,37,39,41,13575330000,7,1939332858,success,53492340000
472,44,2011-12-17 00:00:00.000000,16,25,26,31,36,43,12667592625,7,1809656090,success,51929207000
473,34,2011-12-24 00:00:00.000000,8,13,20,22,23,36,13001672250,4,3250418063,success,52867236000
474,43,2011-12-31 00:00:00.000000,4,13,18,31,33,45,14050362000,15,936690800,success,58978482000
475,3,2012-01-07 00:00:00.000000,1,9,14,16,21,29,13551384375,8,1693923047,success,56043275000
476,27,2012-01-14 00:00:00.000000,9,12,13,15,37,38,13759405875,4,3439851469,success,55591819000
477,37,2012-01-21 00:00:00.000000,14,25,29,32,33,45,15352094625,8,1919011829,success,60801409000
478,8,2012-01-28 00:00:00.000000,18,29,30,37,39,43,13821146626,14,987224759,success,54975901000
479,24,2012-02-04 00:00:00.000000,8,23,25,27,35,44,13398279000,6,2233046500,success,54848834000
480,16,2012-02-11 00:00:00.000000,3,5,10,17,30,31,11986969125,4,2996742282,success,55415681000
481,20,2012-02-18 00:00:00.000000,3,4,23,29,40,41,13918067250,3,4639355750,success,55642616000
482,43,2012-02-25 00:00:00.000000,1,10,16,24,25,35,13285448250,7,1897921179,success,56201452000
483,5,2012-03-03 00:00:00.000000,12,15,19,22,28,34,12835983375,5,2567196675,success,55582659000
484,11,2012-03-10 00:00:00.000000,1,3,27,28,32,45,13831818375,6,2305303063,success,55885979000
485,20,2012-03-17 00:00:00.000000,17,22,26,27,36,39,13513274250,9,1501474917,success,55692878000
486,43,2012-03-24 00:00:00.000000,1,2,23,25,38,40,13112243625,13,1008634125,success,54540823000
487,21,2012-03-31 00:00:00.000000,4,8,25,27,37,41,13110646125,8,1638830766,success,55276503000
488,25,2012-04-07 00:00:00.000000,2,8,17,30,31,38,13303935750,10,1330393575,success,54213092000
489,11,2012-04-14 00:00:00.000000,2,4,8,15,20,27,12638163750,6,2106360625,success,53558490000
490,42,2012-04-21 00:00:00.000000,2,7,26,29,40,43,13021639125,7,1860234161,success,52590121000
491,4,2012-04-28 00:00:00.000000,8,17,35,36,39,42,13218537750,4,3304634438,success,53413874000
492,42,2012-05-05 00:00:00.000000,22,27,31,35,37,40,12465069000,5,2493013800,success,51693454000
493,25,2012-05-12 00:00:00.000000,20,22,26,33,36,37,13060083000,9,1451120334,success,53231838000
494,22,2012-05-19 00:00:00.000000,5,7,8,15,30,43,12655060875,12,1054588407,success,53321589000
495,6,2012-05-26 00:00:00.000000,4,13,22,27,34,44,12669870000,6,2111645000,success,53645960000
496,39,2012-06-02 00:00:00.000000,4,13,20,29,36,41,13143729000,4,3285932250,success,52915804000
497,13,2012-06-09 00:00:00.000000,19,20,23,24,43,44,13336906875,6,2222817813,success,52411585000
498,3,2012-06-16 00:00:00.000000,13,14,24,32,39,41,12978012375,4,3244503094,success,52851253000
499,43,2012-06-23 00:00:00.000000,5,20,23,27,35,40,12211440750,3,4070480250,success,52767632000
500,41,2012-06-30 00:00:00.000000,3,4,12,20,24,34,12159651375,9,1351072375,success,54012267000
501,2,2012-07-07 00:00:00.000000,1,4,10,17,31,42,12100800375,4,3025200094,success,52717711000
502,26,2012-07-14 00:00:00.000000,6,22,28,32,34,40,13208748750,6,2201458125,success,54000640000
503,40,2012-07-21 00:00:00.000000,1,5,27,30,34,36,12975444375,7,1853634911,success,53572205000
504,31,2012-07-28 00:00:00.000000,6,14,22,26,43,44,12989132625,9,1443236959,success,51787037000
505,44,2012-08-04 00:00:00.000000,7,20,22,25,38,40,11507731125,6,1917955188,success,49103223000
506,31,2012-08-11 00:00:00.000000,6,9,11,22,24,30,12220001625,3,4073333875,success,52363311000
507,4,2012-08-18 00:00:00.000000,12,13,32,33,40,41,12747949875,9,1416438875,success,53638773000
508,37,2012-08-25 00:00:00.000000,5,27,31,34,35,43,12796462875,8,1599557860,success,54010391000
509,24,2012-09-01 00:00:00.000000,12,25,29,35,42,43,13445380500,5,2689076100,success,53390358000
510,42,2012-09-08 00:00:00.000000,12,29,32,33,39,40,13220790750,5,2644158150,success,53964992000
511,24,2012-09-15 00:00:00.000000,3,7,14,23,26,42,12993475500,6,2165579250,success,53970308000
512,1,2012-09-22 00:00:00.000000,4,5,9,13,26,27,12221227875,13,940094452,success,54017801000
513,12,2012-09-29 00:00:00.000000,5,8,21,23,27,33,13768874250,3,4589624750,success,58317548000
514,9,2012-10-06 00:00:00.000000,1,15,20,26,35,42,13353166500,3,4451055500,success,54452404000
515,8,2012-10-13 00:00:00.000000,2,11,12,15,23,37,13200466875,1,13200466875,success,55258935000
516,30,2012-10-20 00:00:00.000000,2,8,23,41,43,44,14236092000,11,1294190182,success,56385762000
517,10,2012-10-27 00:00:00.000000,1,9,12,28,36,41,13295288625,5,2659057725,success,54468223000
518,6,2012-11-03 00:00:00.000000,14,23,30,32,34,38,13582824750,6,2263804125,success,55321566000
519,3,2012-11-10 00:00:00.000000,6,8,13,16,30,43,13654209750,7,1950601393,success,55614206000
520,1,2012-11-17 00:00:00.000000,4,22,27,28,38,40,13003232625,6,2167205438,success,55003797000
521,19,2012-11-24 00:00:00.000000,3,7,18,29,32,36,13547367375,8,1693420922,success,56185373000
522,11,2012-12-01 00:00:00.000000,4,5,13,14,37,41,13689738000,6,2281623000,success,57053378000
523,7,2012-12-08 00:00:00.000000,1,4,37,38,40,45,12462490875,7,1780355840,success,53678449000
524,21,2012-12-15 00:00:00.000000,10,11,29,38,41,45,13966782375,4,3491695594,success,55662103000
525,22,2012-12-22 00:00:00.000000,11,23,26,29,39,44,13510191375,9,1501132375,success,55566007000
526,31,2012-12-29 00:00:00.000000,7,14,17,20,35,39,13419287625,9,1491031959,success,56527807000
527,38,2013-01-05 00:00:00.000000,1,12,22,32,33,42,13421022750,13,1032386366,success,56985634000
528,10,2013-01-12 00:00:00.000000,5,17,25,31,39,40,13176780375,11,1197889125,success,57548541000
529,39,2013-01-19 00:00:00.000000,18,20,24,27,31,42,13992918375,8,1749114797,success,57645779000
530,22,2013-01-26 00:00:00.000000,16,23,27,29,33,41,13548218625,11,1231656239,success,56241083000
531,45,2013-02-02 00:00:00.000000,1,5,9,21,27,35,13693677750,9,1521519750,success,57567064000
532,3,2013-02-09 00:00:00.000000,16,17,23,24,29,44,15518274000,7,2216896286,success,61687384000
533,23,2013-02-16 00:00:00.000000,9,14,15,17,31,33,14285372625,8,1785671579,success,59275357000
534,32,2013-02-23 00:00:00.000000,10,24,26,29,37,38,14215763250,1,14215763250,success,59227462000
535,34,2013-03-02 00:00:00.000000,11,12,14,15,18,39,14806809000,3,4935603000,success,60523884000
536,12,2013-03-09 00:00:00.000000,7,8,18,32,37,43,14393759625,11,1308523603,success,59763469000
537,11,2013-03-16 00:00:00.000000,12,23,26,30,36,43,14728272375,7,2104038911,success,59453323000
538,11,2013-03-23 00:00:00.000000,6,10,18,31,32,34,14064064875,3,4688021625,success,59233373000
539,26,2013-03-30 00:00:00.000000,3,19,22,31,42,43,14589330000,9,1621036667,success,59168870000
540,14,2013-04-06 00:00:00.000000,3,12,13,15,34,36,13925556750,7,1989365250,success,56739658000
541,43,2013-04-13 00:00:00.000000,8,13,26,28,32,34,13962598875,11,1269327171,success,57087047000
542,34,2013-04-20 00:00:00.000000,5,6,19,26,41,45,14010915375,6,2335152563,success,56949161000
543,12,2013-04-27 00:00:00.000000,13,18,26,31,34,44,13355218125,12,1112934844,success,56570245000
544,10,2013-05-04 00:00:00.000000,5,17,21,25,36,44,13603049625,13,1046388433,success,56056189000
545,2,2013-05-11 00:00:00.000000,4,24,25,27,34,35,13188937875,11,1198994353,success,55967171000
546,6,2013-05-18 00:00:00.000000,8,17,20,27,37,43,12178198500,30,405939950,success,56713166000
547,28,2013-05-25 00:00:00.000000,6,7,15,22,34,39,14192222250,5,2838444450,success,57968466000
548,14,2013-06-01 00:00:00.000000,1,12,13,21,32,45,13894975125,8,1736871891,success,57771827000
549,17,2013-06-08 00:00:00.000000,29,31,35,38,40,44,14086440375,8,1760805047,success,56864611000
550,41,2013-06-15 00:00:00.000000,1,7,14,20,34,37,12305471250,11,1118679205,success,56441770000
551,25,2013-06-22 00:00:00.000000,3,6,20,24,27,44,13526973750,1,13526973750,success,56989370000
552,43,2013-06-29 00:00:00.000000,1,10,20,32,35,40,13308242250,10,1330824225,success,57602386000
553,37,2013-07-06 00:00:00.000000,2,7,17,28,29,39,13497788625,6,2249631438,success,56487483000
554,6,2013-07-13 00:00:00.000000,13,14,17,32,41,42,13627787250,2,6813893625,success,56124466000
555,12,2013-07-20 00:00:00.000000,11,17,21,24,26,36,13688218875,8,1711027360,success,57273817000
556,43,2013-07-27 00:00:00.000000,12,20,23,28,30,44,14036464125,7,2005209161,success,57374791000
557,31,2013-08-03 00:00:00.000000,4,20,26,28,35,40,13216485000,7,1888069286,success,55086560000
558,29,2013-08-10 00:00:00.000000,12,15,19,26,40,43,13159136625,10,1315913663,success,54939001000
559,23,2013-08-17 00:00:00.000000,11,12,25,32,44,45,13483019250,7,1926145608,success,55733418000
560,28,2013-08-24 00:00:00.000000,1,4,20,23,29,45,13836880500,7,1976697215,success,56565298000
561,20,2013-08-31 00:00:00.000000,5,7,18,37,42,45,13768561125,5,2753712225,success,56638383000
562,33,2013-09-07 00:00:00.000000,4,11,13,17,20,31,12833640750,11,1166694614,success,56288212000
563,21,2013-09-14 00:00:00.000000,5,10,16,17,31,32,13529149500,7,1932735643,success,57320132000
564,2,2013-09-21 00:00:00.000000,14,19,25,26,27,34,13543608000,7,1934801143,success,58012468000
565,38,2013-09-28 00:00:00.000000,4,10,18,27,40,45,13936515750,8,1742064469,success,59556622000
566,41,2013-10-05 00:00:00.000000,4,5,6,25,26,43,14035804125,4,3508951032,success,57666611000
567,28,2013-10-12 00:00:00.000000,1,10,15,16,32,41,13911956625,6,2318659438,success,57439471000
568,40,2013-10-19 00:00:00.000000,1,3,17,20,31,44,13051675500,10,1305167550,success,57681628000
569,1,2013-10-26 00:00:00.000000,3,6,13,23,24,35,13871700750,4,3467925188,success,58441902000
570,42,2013-11-02 00:00:00.000000,1,12,26,27,29,33,13750124625,9,1527791625,success,57654279000
571,29,2013-11-09 00:00:00.000000,11,18,21,26,38,43,13765769250,7,1966538465,success,56493528000
572,1,2013-11-16 00:00:00.000000,3,13,18,33,37,45,13345729500,8,1668216188,success,56473602000
573,14,2013-11-23 00:00:00.000000,2,4,20,34,35,43,13165534125,8,1645691766,success,56092721000
574,2,2013-11-30 00:00:00.000000,14,15,16,19,25,43,13930369875,2,6965184938,success,55882933000
575,6,2013-12-07 00:00:00.000000,2,8,20,30,33,34,13594143000,8,1699267875,success,56330738000
576,13,2013-12-14 00:00:00.000000,10,11,15,25,35,41,12965898000,3,4321966000,success,54691148000
577,33,2013-12-21 00:00:00.000000,16,17,22,31,34,37,13453315125,3,4484438375,success,57010827000
578,16,2013-12-28 00:00:00.000000,5,12,14,32,34,42,13982332875,5,2796466575,success,58584741000
579,39,2014-01-04 00:00:00.000000,5,7,20,22,37,42,15356752884,11,1396068444,success,63532871000
580,33,2014-01-11 00:00:00.000000,5,7,9,11,32,35,14200273500,7,2028610500,success,60514216000
581,33,2014-01-18 00:00:00.000000,3,5,14,20,42,44,14756436376,8,1844554547,success,60257457000
582,25,2014-01-25 00:00:00.000000,2,12,14,33,40,41,14242234876,4,3560558719,success,59306953000
583,24,2014-02-01 00:00:00.000000,8,17,27,33,40,44,14760331883,11,1341848353,success,62675295000
584,36,2014-02-08 00:00:00.000000,7,18,30,39,40,41,15099549750,3,5033183250,success,61343856000
585,4,2014-02-15 00:00:00.000000,6,7,10,16,38,41,14584917006,9,1620546334,success,60253002000
586,5,2014-02-22 00:00:00.000000,2,7,12,15,21,34,14226834752,8,1778354344,success,59502096000
587,17,2014-03-01 00:00:00.000000,14,21,29,31,32,37,14923732125,3,4974577375,success,59715499000
588,30,2014-03-08 00:00:00.000000,2,8,15,22,25,41,14446710375,5,2889342075,success,59533101000
589,22,2014-03-15 00:00:00.000000,6,8,28,33,38,39,14958145881,7,2136877983,success,60643729000
590,23,2014-03-22 00:00:00.000000,20,30,36,38,41,45,15296287881,7,2185183983,success,60003131000
591,5,2014-03-29 00:00:00.000000,8,13,14,30,38,39,14823381000,5,2964676200,success,59373946000
592,43,2014-04-05 00:00:00.000000,2,5,6,13,28,44,14138290128,6,2356381688,success,58097477000
593,28,2014-04-12 00:00:00.000000,9,10,13,24,33,38,13795501500,9,1532833500,success,59368204000
594,3,2014-04-19 00:00:00.000000,2,8,13,25,28,37,13811520756,11,1255592796,success,57764442000
595,5,2014-04-26 00:00:00.000000,8,24,28,35,38,40,13956201752,8,1744525219,success,57797288000
596,17,2014-05-03 00:00:00.000000,3,4,12,14,25,43,13282676630,10,1328267663,success,56561071000
597,37,2014-05-10 00:00:00.000000,8,10,23,24,35,43,13752967878,13,1057920606,success,56832361000
598,22,2014-05-17 00:00:00.000000,4,12,24,33,38,45,13343977504,16,833998594,success,57518550000
599,27,2014-05-24 00:00:00.000000,5,12,17,29,34,35,13687346632,8,1710918329,success,57381791000
600,44,2014-05-31 00:00:00.000000,5,11,14,27,29,36,13526980875,15,901798725,success,56372519000
601,37,2014-06-07 00:00:00.000000,2,16,19,31,34,35,13721086881,9,1524565209,success,55868455000
602,2,2014-06-14 00:00:00.000000,13,14,22,27,30,38,13516246880,8,1689530860,success,56262855000
603,28,2014-06-21 00:00:00.000000,2,19,25,26,27,43,13808546252,4,3452136563,success,56276650000
604,30,2014-06-28 00:00:00.000000,2,6,18,21,33,34,13520557127,11,1229141557,success,56266399000
605,42,2014-07-05 00:00:00.000000,1,2,7,9,10,38,12548090250,9,1394232250,success,56622924000
606,22,2014-07-12 00:00:00.000000,1,5,6,14,20,39,13115668500,10,1311566850,success,56928896000
607,13,2014-07-19 00:00:00.000000,8,14,23,36,38,39,13977923628,4,3494480907,success,56806213000
608,41,2014-07-26 00:00:00.000000,4,8,18,19,39,44,13604710126,7,1943530018,success,56146117000
609,13,2014-08-02 00:00:00.000000,4,8,27,34,39,40,12678622876,2,6339311438,success,54858201000
610,33,2014-08-09 00:00:00.000000,14,18,20,23,28,36,14064073500,4,3516018375,success,56862756000
611,14,2014-08-16 00:00:00.000000,2,22,27,33,36,37,14010824628,4,3502706157,success,57411079000
612,40,2014-08-23 00:00:00.000000,6,9,18,19,25,33,12998757750,11,1181705250,success,56931314000
613,35,2014-08-30 00:00:00.000000,7,8,11,16,41,44,13948480881,9,1549831209,success,57986249000
614,18,2014-09-06 00:00:00.000000,8,21,25,39,40,44,15245852628,6,2540975438,success,62301977000
615,35,2014-09-13 00:00:00.000000,10,17,18,19,23,27,13815561753,9,1535062417,success,59072378000
616,3,2014-09-20 00:00:00.000000,5,13,18,23,40,45,14506301250,9,1611811250,success,60303360000
617,28,2014-09-27 00:00:00.000000,4,5,11,12,24,27,13037614880,8,1629701860,success,58958123000
618,15,2014-10-04 00:00:00.000000,8,16,25,30,42,43,14406631125,5,2881326225,success,58550803000
619,21,2014-10-11 00:00:00.000000,6,8,13,30,35,40,13837438125,3,4612479375,success,58822925000
620,40,2014-10-18 00:00:00.000000,2,16,17,32,39,45,14197982631,7,2028283233,success,58342777000
621,9,2014-10-25 00:00:00.000000,1,2,6,16,19,42,14158341000,6,2359723500,success,59407216000
622,24,2014-11-01 00:00:00.000000,9,15,16,21,28,34,14675384628,9,1630598292,success,59601329000
623,25,2014-11-08 00:00:00.000000,7,13,30,39,41,45,14509620752,8,1813702594,success,58504142000
624,16,2014-11-15 00:00:00.000000,1,7,19,26,27,35,13818647250,5,2763729450,success,57832726000
625,13,2014-11-22 00:00:00.000000,3,6,7,20,21,39,13825923375,5,2765184675,success,58614979000
626,15,2014-11-29 00:00:00.000000,13,14,26,33,40,43,13742968880,8,1717871110,success,58986187000
627,12,2014-12-06 00:00:00.000000,2,9,22,25,31,45,13522306500,10,1352230650,success,55981334000
628,11,2014-12-13 00:00:00.000000,1,7,12,15,23,42,13499485875,9,1499942875,success,57253109000
629,1,2014-12-20 00:00:00.000000,19,28,31,38,43,44,14597167875,5,2919433575,success,57618701000
630,15,2014-12-27 00:00:00.000000,8,17,21,24,27,31,14508916500,3,4836305500,success,61335894000
631,8,2015-01-03 00:00:00.000000,1,2,4,23,31,34,15679414128,4,3919853532,success,65300621000
632,6,2015-01-10 00:00:00.000000,15,18,21,32,35,44,15758464876,11,1432587716,success,63066603000
633,13,2015-01-17 00:00:00.000000,9,12,19,20,39,41,14607085128,12,1217257094,success,62015797000
634,38,2015-01-24 00:00:00.000000,4,10,11,12,20,27,14013156378,13,1077935106,success,63149567000
635,32,2015-01-31 00:00:00.000000,11,13,25,26,29,33,14844697880,8,1855587235,success,62429621000
636,26,2015-02-07 00:00:00.000000,6,7,15,16,20,31,14658897752,8,1832362219,success,62786394000
637,23,2015-02-14 00:00:00.000000,3,16,22,37,38,44,15596964376,4,3899241094,success,63504865000
638,6,2015-02-21 00:00:00.000000,7,18,22,24,31,34,15605822253,7,2229403179,success,64319586000
639,40,2015-02-28 00:00:00.000000,6,15,22,23,25,32,16244740876,4,4061185219,success,66202599000
640,23,2015-03-07 00:00:00.000000,14,15,18,21,26,35,15558919506,9,1728768834,success,64080502000
641,12,2015-03-14 00:00:00.000000,11,18,21,36,37,43,15920596504,8,1990074563,success,63773134000
642,32,2015-03-21 00:00:00.000000,8,17,18,24,39,45,15017525256,12,1251460438,success,63544224000
643,13,2015-03-28 00:00:00.000000,15,24,31,32,33,40,15214581750,6,2535763625,success,63110068000
644,8,2015-04-04 00:00:00.000000,5,13,17,23,28,36,14651609632,8,1831451204,success,61846599000
645,31,2015-04-11 00:00:00.000000,1,4,16,26,40,41,14785191000,4,3696297750,success,62661756000
646,30,2015-04-18 00:00:00.000000,2,9,24,41,43,45,15508488751,7,2215498393,success,62308090000
647,29,2015-04-25 00:00:00.000000,5,16,21,23,24,30,15328079256,7,2189725608,success,62314338000
648,4,2015-05-02 00:00:00.000000,13,19,28,37,38,43,14846915629,7,2120987947,success,60874405000
649,20,2015-05-09 00:00:00.000000,3,21,22,33,41,42,14740210500,5,2948042100,success,60473178000
650,35,2015-05-16 00:00:00.000000,3,4,7,11,31,41,14246494500,5,2849298900,success,60991082000
651,18,2015-05-23 00:00:00.000000,11,12,16,26,29,44,14842451632,8,1855306454,success,61494891000
652,20,2015-05-30 00:00:00.000000,3,13,15,40,41,44,15017417625,5,3003483525,success,60426977000
653,1,2015-06-06 00:00:00.000000,5,6,26,27,38,39,13733421380,14,980958670,success,59716037000
654,6,2015-06-13 00:00:00.000000,16,21,26,31,36,43,15034411128,8,1879301391,success,60697813000
655,18,2015-06-20 00:00:00.000000,7,37,38,39,40,44,14952956625,9,1661439625,success,60434801000
656,39,2015-06-27 00:00:00.000000,3,7,14,16,31,40,14660005500,2,7330002750,success,61328118000
657,23,2015-07-04 00:00:00.000000,10,14,19,39,40,43,15252865128,9,1694762792,success,61769837000
658,37,2015-07-11 00:00:00.000000,8,19,25,28,32,36,14706282375,9,1634031375,success,61131243000
659,45,2015-07-18 00:00:00.000000,7,18,19,27,29,42,14702646376,11,1336604216,success,61677747000
660,14,2015-07-25 00:00:00.000000,4,9,23,33,39,44,14212725750,10,1421272575,success,60813322000
661,40,2015-08-01 00:00:00.000000,2,3,12,20,27,38,13704204376,8,1713025547,success,59597375000
662,26,2015-08-08 00:00:00.000000,5,6,9,11,15,37,13517869504,8,1689733688,success,59164542000
663,20,2015-08-15 00:00:00.000000,3,5,8,19,38,42,14561709001,7,2080244143,success,61100704000
664,5,2015-08-22 00:00:00.000000,10,20,33,36,41,44,15368013380,10,1536801338,success,61921689000
665,13,2015-08-29 00:00:00.000000,5,6,11,17,38,44,14572921500,4,3643230375,success,61885874000
666,16,2015-09-05 00:00:00.000000,2,4,6,11,17,28,14381406378,6,2396901063,success,62652917000
667,13,2015-09-12 00:00:00.000000,15,17,25,37,42,43,15601350751,7,2228764393,success,63421632000
668,3,2015-09-19 00:00:00.000000,12,14,15,24,27,32,14955793125,5,2991158625,success,63346405000
669,9,2015-09-26 00:00:00.000000,7,8,20,29,33,38,16249039128,6,2708173188,success,67952211000
670,25,2015-10-03 00:00:00.000000,11,18,26,27,40,41,14300702628,12,1191725219,success,62242687000
671,24,2015-10-10 00:00:00.000000,7,9,10,13,31,35,14889291376,4,3722322844,success,63940807000
672,43,2015-10-17 00:00:00.000000,8,21,28,31,36,45,15792705000,9,1754745000,success,63542330000
673,5,2015-10-24 00:00:00.000000,7,10,17,29,33,44,14914533000,10,1491453300,success,63163578000
674,11,2015-10-31 00:00:00.000000,9,10,14,25,27,31,14164524000,8,1770565500,success,61386974000
675,7,2015-11-07 00:00:00.000000,1,8,11,15,18,45,14058196128,4,3514549032,success,60458623000
676,27,2015-11-14 00:00:00.000000,1,8,17,34,39,45,15037812000,8,1879726500,success,62147642000
677,42,2015-11-21 00:00:00.000000,12,15,24,36,41,44,15368915256,8,1921114407,success,62267624000
678,45,2015-11-28 00:00:00.000000,4,5,6,12,25,37,13730941128,6,2288490188,success,60887293000
679,35,2015-12-05 00:00:00.000000,3,5,7,14,26,34,14315028000,5,2863005600,success,62220918000
680,30,2015-12-12 00:00:00.000000,4,10,19,29,32,42,15547987882,14,1110570563,success,64245201000
681,7,2015-12-19 00:00:00.000000,21,24,27,29,43,44,16177973628,6,2696328938,success,63268253000
682,2,2015-12-26 00:00:00.000000,17,23,27,35,38,43,16254854252,4,4063713563,success,66757858000
683,15,2016-01-02 00:00:00.000000,6,13,20,27,28,40,16174894128,16,1010930883,success,71940091000
684,40,2016-01-09 00:00:00.000000,1,11,15,17,25,39,15199341381,9,1688815709,success,66623887000
685,18,2016-01-16 00:00:00.000000,6,7,12,28,38,40,16438044381,11,1494367671,success,69126675000
686,13,2016-01-23 00:00:00.000000,7,12,15,24,25,43,15500253752,8,1937531719,success,65274010000
687,45,2016-01-30 00:00:00.000000,1,8,10,13,28,42,16320175878,6,2720029313,success,68044669000
688,2,2016-02-06 00:00:00.000000,5,15,22,23,34,35,17707830750,9,1967536750,success,73095612000
689,34,2016-02-13 00:00:00.000000,7,17,19,30,36,38,16252431377,7,2321775911,success,67460147000
690,43,2016-02-20 00:00:00.000000,24,25,33,34,38,39,16897614375,15,1126507625,success,69142025000
691,16,2016-02-27 00:00:00.000000,15,27,33,35,43,45,17035780500,6,2839296750,success,68590328000
692,44,2016-03-05 00:00:00.000000,3,11,14,15,32,36,16108915879,7,2301273697,success,66390499000
693,30,2016-03-12 00:00:00.000000,1,6,11,28,34,42,16427638130,10,1642763813,success,67352935000
694,12,2016-03-19 00:00:00.000000,7,15,20,25,33,43,15550363880,10,1555036388,success,67533257000
695,14,2016-03-26 00:00:00.000000,4,18,26,33,34,38,15952363130,11,1450214830,success,67672085000
696,21,2016-04-02 00:00:00.000000,1,7,16,18,34,38,16320544130,10,1632054413,success,67542971000
697,31,2016-04-09 00:00:00.000000,2,5,8,11,33,39,15314430380,10,1531443038,success,66966141000
698,18,2016-04-16 00:00:00.000000,3,11,13,21,33,37,15368673000,8,1921084125,success,66283268000
699,3,2016-04-23 00:00:00.000000,4,5,8,16,21,29,15963291000,8,1995411375,success,66743146000
700,13,2016-04-30 00:00:00.000000,11,23,28,29,30,44,16656793504,8,2082099188,success,66846276000
701,35,2016-05-07 00:00:00.000000,3,10,14,16,36,38,15831831750,10,1583183175,success,64454138000
702,9,2016-05-14 00:00:00.000000,3,13,16,24,26,29,16116005257,11,1465091387,success,66219854000
703,21,2016-05-21 00:00:00.000000,10,28,31,33,41,44,16178920500,5,3235784100,success,65728988000
704,45,2016-05-28 00:00:00.000000,1,4,8,23,33,42,15460761376,4,3865190344,success,65930117000
705,23,2016-06-04 00:00:00.000000,1,6,17,22,28,45,15948826128,4,3987206532,success,65859843000
706,37,2016-06-11 00:00:00.000000,3,4,6,10,28,30,15326984252,4,3831746063,success,65723488000
707,35,2016-06-18 00:00:00.000000,2,12,19,24,39,44,15866007756,12,1322167313,success,66813924000
708,1,2016-06-25 00:00:00.000000,2,10,16,19,34,45,16398208876,4,4099552219,success,66806307000
709,32,2016-07-02 00:00:00.000000,10,18,30,36,39,44,16313802750,14,1165271625,success,65592504000
710,10,2016-07-09 00:00:00.000000,3,4,9,24,25,33,14477205750,5,2895441150,success,65083972000
711,42,2016-07-16 00:00:00.000000,11,15,24,35,37,45,15941893506,7,2277413358,success,66152746000
712,19,2016-07-23 00:00:00.000000,17,20,30,31,33,45,16137940500,4,4034485125,success,66136318000
713,44,2016-07-30 00:00:00.000000,2,5,15,18,19,23,15432488253,9,1714720917,success,64646552000
714,20,2016-08-06 00:00:00.000000,1,7,22,33,37,40,14595922131,7,2085131733,success,64099989000
715,10,2016-08-13 00:00:00.000000,2,7,27,33,41,44,15633062628,6,2605510438,success,65794607000
716,21,2016-08-20 00:00:00.000000,2,6,13,16,29,30,16305025884,12,1358752157,success,67040169000
717,44,2016-08-27 00:00:00.000000,2,11,19,25,28,32,16214602128,6,2702433688,success,68597839000
718,40,2016-09-03 00:00:00.000000,4,11,20,23,32,39,15744829888,17,926166464,success,69400763000
719,26,2016-09-10 00:00:00.000000,4,8,13,19,20,43,16916232006,9,1879581334,success,71378392000
720,41,2016-09-17 00:00:00.000000,1,12,29,34,36,37,17272785012,14,1233770358,success,69939090000
721,31,2016-09-24 00:00:00.000000,1,28,35,41,43,44,18190138880,8,2273767360,success,71627567000
722,45,2016-10-01 00:00:00.000000,12,14,21,30,39,43,17461690876,4,4365422719,success,69446489000
723,22,2016-10-08 00:00:00.000000,20,30,33,35,36,44,16914922880,8,2114365360,success,67750231000
724,14,2016-10-15 00:00:00.000000,2,8,33,35,37,41,17133477756,12,1427789813,success,69987274000
725,38,2016-10-22 00:00:00.000000,6,7,19,21,41,43,17371389750,11,1579217250,success,70208676000
726,24,2016-10-29 00:00:00.000000,1,11,21,23,34,44,16336216876,14,1166872634,success,68799295000
727,20,2016-11-05 00:00:00.000000,7,8,10,19,21,31,15611508388,14,1115107742,success,67559139000
728,36,2016-11-12 00:00:00.000000,3,6,10,30,34,37,16217322000,5,3243464400,success,68306112000
729,16,2016-11-19 00:00:00.000000,11,17,21,26,36,45,16793002876,4,4198250719,success,68784161000
730,39,2016-11-26 00:00:00.000000,4,10,14,15,18,22,16139056880,8,2017382110,success,66934105000
731,39,2016-12-03 00:00:00.000000,2,7,13,25,42,45,16383297378,7,2340471054,success,69239673000
732,43,2016-12-10 00:00:00.000000,2,4,5,17,27,32,15422894256,7,2203270608,success,68645948000
733,13,2016-12-17 00:00:00.000000,11,24,32,33,35,40,16066900500,4,4016725125,success,69321488000
734,18,2016-12-24 00:00:00.000000,6,16,37,38,41,45,17544559500,9,1949395500,success,71457582000
735,4,2016-12-31 00:00:00.000000,5,10,13,27,37,41,18472315880,10,1847231588,success,77488209000
736,6,2017-01-07 00:00:00.000000,2,11,17,18,21,27,16986811125,5,3397362225,success,73510203000
737,11,2017-01-14 00:00:00.000000,13,15,18,24,27,41,17132244000,4,4283061000,success,70775944000
738,36,2017-01-21 00:00:00.000000,23,27,28,38,42,43,17976102001,11,1634191091,success,71768122000
739,30,2017-01-28 00:00:00.000000,7,22,29,33,34,35,18976489128,4,4744122282,success,77999661000
740,31,2017-02-04 00:00:00.000000,4,8,9,16,17,19,16864736256,18,936929792,success,75186520000
741,16,2017-02-11 00:00:00.000000,5,21,27,34,44,45,18261575628,6,3043595938,success,74392585000
742,6,2017-02-18 00:00:00.000000,8,10,13,36,37,40,17789037008,16,1111814813,success,73857792000
743,10,2017-02-25 00:00:00.000000,15,19,21,34,41,44,18260487000,7,2608641000,success,73436852000
744,43,2017-03-04 00:00:00.000000,10,15,18,21,34,41,17331173625,15,1155411575,success,73507293000
745,10,2017-03-11 00:00:00.000000,1,2,3,9,12,23,14936459640,20,746822982,success,73575119000
746,25,2017-03-18 00:00:00.000000,3,12,33,36,42,45,18347613381,9,2038623709,success,74239579000
747,17,2017-03-25 00:00:00.000000,7,9,12,14,23,28,17128931256,9,1903214584,success,73337880000
748,29,2017-04-01 00:00:00.000000,3,10,13,22,31,32,17354218878,9,1928246542,success,72750277000
749,41,2017-04-08 00:00:00.000000,12,14,24,26,34,45,17551357135,13,1350104395,success,72252889000
750,12,2017-04-15 00:00:00.000000,1,2,15,19,24,36,17654730002,7,2522104286,success,72248100000
751,17,2017-04-22 00:00:00.000000,3,4,16,20,28,44,16783744880,8,2097968110,success,71534233000
752,7,2017-04-29 00:00:00.000000,4,16,20,33,40,43,16833229506,9,1870358834,success,71600822000
753,3,2017-05-06 00:00:00.000000,2,17,19,24,37,41,16266630378,6,2711105063,success,68915001000
754,32,2017-05-13 00:00:00.000000,2,8,17,24,29,31,17137710000,5,3427542000,success,70765850000
755,37,2017-05-20 00:00:00.000000,13,14,26,28,30,36,17715418128,8,2214427266,success,71300635000
756,4,2017-05-27 00:00:00.000000,10,14,16,18,27,28,17072173500,5,3414434700,success,70992946000
757,1,2017-06-03 00:00:00.000000,6,7,11,17,33,44,15536637018,21,739839858,success,71053002000
758,24,2017-06-10 00:00:00.000000,5,9,12,30,39,43,16631759632,8,2078969954,success,71764259000
759,32,2017-06-17 00:00:00.000000,9,33,36,40,42,43,18196023000,6,3032670500,success,72632208000
760,12,2017-06-24 00:00:00.000000,10,22,27,31,42,43,18026395128,8,2253299391,success,72200797000
761,30,2017-07-01 00:00:00.000000,4,7,11,24,42,45,16749113626,7,2392730518,success,71415903000
762,16,2017-07-08 00:00:00.000000,1,3,12,21,26,41,16314320630,10,1631432063,success,70558895000
763,10,2017-07-15 00:00:00.000000,3,8,16,32,34,43,17105040000,8,2138130000,success,70652100000
764,15,2017-07-22 00:00:00.000000,7,22,24,31,34,36,17219828255,7,2459975465,success,70318932000
765,33,2017-07-29 00:00:00.000000,1,3,8,12,42,43,16638213750,15,1109214250,success,70972360000
766,21,2017-08-05 00:00:00.000000,9,30,34,35,39,41,17389098376,8,2173637297,success,69500769000
767,22,2017-08-12 00:00:00.000000,5,15,20,31,34,42,17456530875,15,1163768725,success,71285599000
768,4,2017-08-19 00:00:00.000000,7,27,29,30,38,44,17726439380,13,1363572260,success,72306975000
769,4,2017-08-26 00:00:00.000000,5,7,11,16,41,45,17376840378,9,1930760042,success,72873431000
770,34,2017-09-02 00:00:00.000000,1,9,12,23,39,43,17304794632,8,2163099329,success,74166379000
771,30,2017-09-09 00:00:00.000000,6,10,17,18,21,29,17450579628,4,4362644907,success,73545939000
772,32,2017-09-16 00:00:00.000000,5,6,11,14,21,41,17696088380,10,1769608838,success,74375369000
773,44,2017-09-23 00:00:00.000000,8,12,19,21,31,35,17703433880,11,1609403080,success,74560597000
774,9,2017-09-30 00:00:00.000000,12,15,18,28,34,42,18806936632,11,1709721512,success,77347021000
775,17,2017-10-07 00:00:00.000000,11,12,29,33,38,42,17352188250,5,3470437650,success,70795452000
776,20,2017-10-14 00:00:00.000000,8,9,18,21,28,40,17903055751,7,2557579393,success,74826082000
777,18,2017-10-21 00:00:00.000000,6,12,17,21,34,37,17502828756,21,833468036,success,75534360000
778,11,2017-10-28 00:00:00.000000,6,21,35,36,37,41,18792208500,3,6264069500,success,75075606000
779,4,2017-11-04 00:00:00.000000,6,12,19,24,34,41,16804802256,11,1527709296,success,73773676000
780,16,2017-11-11 00:00:00.000000,15,17,19,21,27,45,18342721507,11,1667520137,success,74232084000
781,43,2017-11-18 00:00:00.000000,11,16,18,19,24,39,16946023878,9,1882891542,success,72483157000
782,20,2017-11-25 00:00:00.000000,6,18,31,34,38,45,17518388625,9,1946487625,success,72253973000
783,36,2017-12-02 00:00:00.000000,14,15,16,17,38,45,18415858500,4,4603964625,success,73525256000
784,22,2017-12-09 00:00:00.000000,3,10,23,24,31,39,17178102000,9,1908678000,success,74311382000
785,40,2017-12-16 00:00:00.000000,4,6,15,25,26,33,17319736128,6,2886622688,success,72974563000
786,38,2017-12-23 00:00:00.000000,12,15,16,20,24,30,18205461000,4,4551365250,success,75930156000
787,9,2017-12-30 00:00:00.000000,5,6,13,16,27,28,18552649878,6,3092108313,success,79593923000
788,29,2018-01-06 00:00:00.000000,2,10,11,19,35,39,18219177002,13,1401475154,success,78121882000
789,38,2018-01-13 00:00:00.000000,2,6,7,12,19,45,17114652375,15,1140976825,success,76136603000
790,12,2018-01-20 00:00:00.000000,3,8,19,27,30,41,18568260384,16,1160516274,success,78978881000
791,32,2018-01-27 00:00:00.000000,2,10,12,31,33,42,17543146502,14,1253081893,success,74205844000
792,16,2018-02-03 00:00:00.000000,2,7,19,25,29,36,18590157376,7,2655736768,success,76339003000
793,31,2018-02-10 00:00:00.000000,10,15,21,35,38,43,18750733875,5,3750146775,success,76177477000
794,13,2018-02-17 00:00:00.000000,6,7,18,19,30,38,18556582128,7,2650940304,success,79941579000
795,36,2018-02-24 00:00:00.000000,3,10,13,26,34,38,18864747000,11,1714977000,success,79661342000
796,5,2018-03-03 00:00:00.000000,1,21,26,36,40,41,19344432380,7,2763490340,success,77685943000
797,36,2018-03-10 00:00:00.000000,5,22,31,32,39,45,19176225000,8,2397028125,success,77339940000
798,41,2018-03-17 00:00:00.000000,2,10,14,22,32,36,18975543377,7,2710791911,success,77038759000
799,33,2018-03-24 00:00:00.000000,12,17,23,34,42,45,18264272250,10,1826427225,success,76708986000
800,26,2018-03-31 00:00:00.000000,1,4,10,12,28,45,17954708255,11,1632246205,success,76994062000
801,2,2018-04-07 00:00:00.000000,17,25,28,37,43,44,18054293256,8,2256786657,success,74034792000
802,27,2018-04-14 00:00:00.000000,10,11,12,18,24,42,17327167888,16,1082947993,success,75146781000
803,2,2018-04-21 00:00:00.000000,5,9,14,26,30,43,18319051125,5,3663810225,success,75670793000
804,9,2018-04-28 00:00:00.000000,1,10,13,26,32,36,17951961753,11,1631996523,success,74557028000
805,42,2018-05-05 00:00:00.000000,3,12,13,18,31,32,17064247876,4,4266061969,success,73065981000
806,27,2018-05-12 00:00:00.000000,14,20,23,31,37,38,18485326125,7,2640760875,success,74030583000
807,33,2018-05-19 00:00:00.000000,6,10,18,25,34,35,17063636254,7,2437662322,success,73831580000
808,24,2018-05-26 00:00:00.000000,15,21,31,32,41,43,18525723000,6,3087620500,success,74911438000
809,39,2018-06-02 00:00:00.000000,6,11,15,17,23,40,17528236500,6,2921372750,success,74214104000
810,11,2018-06-09 00:00:00.000000,5,10,13,21,39,43,17852784376,8,2231598047,success,74388355000
811,25,2018-06-16 00:00:00.000000,8,11,19,21,36,45,17669037379,7,2524148197,success,74570813000
812,10,2018-06-23 00:00:00.000000,1,3,12,14,16,43,17687728500,6,2947954750,success,74147816000
813,27,2018-06-30 00:00:00.000000,11,30,34,35,42,44,18367052628,4,4591763157,success,73394947000
814,30,2018-07-07 00:00:00.000000,2,21,28,38,42,45,18403152378,6,3067192063,success,74316543000
815,4,2018-07-14 00:00:00.000000,17,21,25,26,27,36,18058987506,7,2579855358,success,73416400000
816,7,2018-07-21 00:00:00.000000,12,18,19,29,31,39,17024863504,8,2128107938,success,72397826000
817,34,2018-07-28 00:00:00.000000,3,9,12,13,25,43,16816296006,9,1868477334,success,72552766000
818,3,2018-08-04 00:00:00.000000,14,15,25,28,29,30,17950456134,13,1380804318,success,71793353000
819,15,2018-08-11 00:00:00.000000,16,25,33,38,40,45,18161743880,7,2594534840,success,74578907000
820,6,2018-08-18 00:00:00.000000,10,21,22,30,35,42,18509254128,4,4627313532,success,75744571000
821,16,2018-08-25 00:00:00.000000,1,12,13,24,29,44,18426183384,14,1316155956,success,76118239000
822,12,2018-09-01 00:00:00.000000,9,18,20,24,27,36,17792695875,3,5930898625,success,75681739000
823,15,2018-09-08 00:00:00.000000,12,18,24,26,39,40,18088595253,9,2009843917,success,77400124000
824,26,2018-09-15 00:00:00.000000,7,9,24,29,34,38,18849698250,15,1256646550,success,78257422000
825,42,2018-09-22 00:00:00.000000,8,15,21,31,33,38,19904526756,12,1658710563,success,82890578000
826,42,2018-09-29 00:00:00.000000,13,16,24,25,33,36,18676728756,9,2075192084,success,78218740000
827,14,2018-10-06 00:00:00.000000,5,11,12,29,33,44,18097505625,15,1206500375,success,76490125000
828,18,2018-10-13 00:00:00.000000,4,7,13,29,31,39,18917417636,13,1455185972,success,77552827000
829,29,2018-10-20 00:00:00.000000,4,5,31,35,43,45,19557205128,8,2444650641,success,77998807000
830,17,2018-10-27 00:00:00.000000,5,6,16,18,37,38,18544758750,9,2060528750,success,77714000000
831,9,2018-11-03 00:00:00.000000,3,10,16,19,31,39,17771236128,16,1110702258,success,77622753000
832,30,2018-11-10 00:00:00.000000,13,14,19,26,40,43,18793841256,9,2088204584,success,77411900000
833,19,2018-11-17 00:00:00.000000,12,18,30,39,41,42,18850538256,8,2356317282,success,77738402000
834,3,2018-11-24 00:00:00.000000,6,8,18,35,42,43,18597630381,11,1690693671,success,75941791000
835,35,2018-12-01 00:00:00.000000,9,10,13,28,38,45,18505216875,15,1233681125,success,77694435000
836,19,2018-12-08 00:00:00.000000,1,9,11,14,26,28,17609811380,14,1257843670,success,74536697000
837,6,2018-12-15 00:00:00.000000,2,25,28,30,33,45,18866694750,6,3144449125,success,76614176000
838,20,2018-12-22 00:00:00.000000,9,14,17,33,36,38,19068665250,5,3813733050,success,79414484000
839,35,2018-12-29 00:00:00.000000,3,9,11,12,13,19,17672913752,13,1359454904,success,79219710000
840,27,2019-01-05 00:00:00.000000,2,4,11,28,29,43,20429617880,10,2042961788,success,84057771000
841,24,2019-01-12 00:00:00.000000,5,11,14,30,33,38,18973627138,17,1116095714,success,81580789000
842,38,2019-01-19 00:00:00.000000,14,26,32,36,39,42,20354750250,10,2035475025,success,81957444000
843,4,2019-01-26 00:00:00.000000,19,21,30,33,34,42,20064850500,5,4012970100,success,81857498000
844,18,2019-02-02 00:00:00.000000,7,8,13,15,33,45,20933343756,18,1162963542,success,87805610000
845,6,2019-02-09 00:00:00.000000,1,16,29,33,40,45,20803389002,11,1891217182,success,83884034000
846,13,2019-02-16 00:00:00.000000,5,18,30,41,43,45,20759497135,13,1596884395,success,83936839000
847,22,2019-02-23 00:00:00.000000,12,16,26,28,30,42,20166773256,8,2520846657,success,83782512000
848,34,2019-03-02 00:00:00.000000,1,2,16,22,38,39,21081066006,7,3011580858,success,84523266000
849,3,2019-03-09 00:00:00.000000,5,13,17,29,34,39,19690299011,17,1158252883,success,82333674000
850,5,2019-03-16 00:00:00.000000,16,20,24,28,36,39,20265527250,6,3377587875,success,81474176000
851,40,2019-03-23 00:00:00.000000,14,18,22,26,31,44,19869538504,8,2483692313,success,81099116000
852,9,2019-03-30 00:00:00.000000,11,17,28,30,33,35,19206173628,4,4801543407,success,81470793000
853,13,2019-04-06 00:00:00.000000,2,8,23,26,27,44,20195047502,7,2885006786,success,82244370000
854,3,2019-04-13 00:00:00.000000,20,25,31,32,36,43,20530240500,6,3421706750,success,81823338000
855,7,2019-04-20 00:00:00.000000,8,15,17,19,43,44,20425594500,9,2269510500,success,82374732000
856,17,2019-04-27 00:00:00.000000,10,24,40,41,43,44,19889637750,5,3977927550,success,80496424000
857,43,2019-05-04 00:00:00.000000,6,10,16,28,34,38,19273731375,15,1284915425,success,80933117000
858,23,2019-05-11 00:00:00.000000,9,13,32,38,39,43,19821127131,9,2202347459,success,81366889000
859,24,2019-05-18 00:00:00.000000,8,22,35,38,39,41,20393202379,11,1853927489,success,80944223000
860,42,2019-05-25 00:00:00.000000,4,8,18,25,27,32,18798998250,10,1879899825,success,81846672000
861,24,2019-06-01 00:00:00.000000,11,17,19,21,22,25,19488435376,4,4872108844,success,81032551000
862,32,2019-06-08 00:00:00.000000,10,34,38,40,42,43,19718304381,9,2190922709,success,80609005000
863,12,2019-06-15 00:00:00.000000,16,21,28,35,39,43,19973501254,7,2853357322,success,81288540000
864,32,2019-06-22 00:00:00.000000,3,7,10,13,25,36,18882090007,11,1716553637,success,82220290000
865,2,2019-06-29 00:00:00.000000,3,15,22,32,33,45,20172478885,13,1551729145,success,81748217000
866,12,2019-07-06 00:00:00.000000,9,15,29,34,37,39,20163681000,9,2240409000,success,81961886000
867,41,2019-07-13 00:00:00.000000,14,17,19,22,24,40,19668776250,5,3933755250,success,81607190000
868,25,2019-07-20 00:00:00.000000,12,17,28,41,43,44,19402825500,6,3233804250,success,80549078000
869,4,2019-07-27 00:00:00.000000,2,6,20,27,37,39,19225825880,10,1922582588,success,80268389000
870,31,2019-08-03 00:00:00.000000,21,25,30,32,40,42,19288429880,10,1928842988,success,78688663000
871,38,2019-08-10 00:00:00.000000,2,6,12,26,30,34,19026499506,7,2718071358,success,79527502000
872,29,2019-08-17 00:00:00.000000,2,4,30,32,33,43,20203289264,16,1262705579,success,81002518000
873,38,2019-08-24 00:00:00.000000,3,5,12,13,33,39,18745532250,10,1874553225,success,82375586000
874,32,2019-08-31 00:00:00.000000,1,15,19,23,28,42,20108230506,18,1117123917,success,82990138000
875,36,2019-09-07 00:00:00.000000,19,22,30,34,39,44,19823254136,14,1415946724,success,80635281000
876,24,2019-09-14 00:00:00.000000,5,16,21,26,34,42,20722499264,19,1090657856,success,85088368000
877,12,2019-09-21 00:00:00.000000,5,17,18,22,23,43,20599286256,12,1716607188,success,84584730000
878,3,2019-09-28 00:00:00.000000,2,6,11,16,25,31,19247961000,6,3207993500,success,84183676000
879,20,2019-10-05 00:00:00.000000,1,4,10,14,15,35,19238167878,6,3206361313,success,83174251000
880,38,2019-10-12 00:00:00.000000,7,17,19,23,24,45,19864673255,7,2837810465,success,83862502000
881,9,2019-10-19 00:00:00.000000,4,18,20,26,27,32,20025698256,8,2503212282,success,84495552000
882,23,2019-10-26 00:00:00.000000,18,34,39,43,44,45,20636352000,5,4127270400,success,84351602000
883,22,2019-11-02 00:00:00.000000,9,18,32,33,37,44,20407792875,15,1360519525,success,85624171000
884,17,2019-11-09 00:00:00.000000,4,14,23,28,37,45,21588927384,12,1799077282,success,86554613000
885,31,2019-11-16 00:00:00.000000,1,3,24,27,39,45,20069823384,13,1543832568,success,83396319000
886,2,2019-11-23 00:00:00.000000,19,23,28,37,42,45,20822506502,7,2974643786,success,84186094000
887,10,2019-11-30 00:00:00.000000,8,14,17,27,36,45,20282149504,8,2535268688,success,84416872000
888,32,2019-12-07 00:00:00.000000,3,7,12,31,34,38,18962873632,8,2370359204,success,82777313000
889,26,2019-12-14 00:00:00.000000,3,13,29,38,39,42,21089869500,10,2108986950,success,86734222000
890,6,2019-12-21 00:00:00.000000,1,4,14,18,29,37,21019375503,9,2335486167,success,86693498000
891,19,2019-12-28 00:00:00.000000,9,13,28,31,39,41,21578717629,7,3082673947,success,89742677000
892,36,2020-01-04 00:00:00.000000,4,9,17,18,26,42,21794296888,17,1282017464,success,93091115000
893,10,2020-01-11 00:00:00.000000,1,15,17,23,25,41,21396902625,9,2377433625,success,87661567000
894,45,2020-01-18 00:00:00.000000,19,32,37,40,41,43,21401423631,9,2377935959,success,88465183000
895,23,2020-01-25 00:00:00.000000,16,26,31,38,39,41,23136950628,12,1928079219,success,96962255000
896,23,2020-02-01 00:00:00.000000,5,12,25,26,38,45,21372554252,7,3053222036,success,90461998000
897,29,2020-02-08 00:00:00.000000,6,7,12,22,26,36,21058992760,13,1619922520,success,88231474000
898,17,2020-02-15 00:00:00.000000,18,21,28,35,37,42,21114505880,8,2639313235,success,90067839000
899,37,2020-02-22 00:00:00.000000,8,19,20,21,33,39,20156136378,6,3359356063,success,85877347000
900,14,2020-02-29 00:00:00.000000,7,13,16,18,35,38,20099108250,6,3349851375,success,83639372000
901,21,2020-03-07 00:00:00.000000,5,18,20,23,30,34,20411772003,9,2267974667,success,84783962000
902,30,2020-03-14 00:00:00.000000,7,19,23,24,36,39,21051127877,13,1619317529,success,87501981000
903,45,2020-03-21 00:00:00.000000,2,15,16,21,22,28,21899568756,13,1684582212,success,88625160000
904,11,2020-03-28 00:00:00.000000,2,6,8,26,43,45,21744622504,8,2718077813,success,88938220000
905,20,2020-04-04 00:00:00.000000,3,4,16,27,38,40,21125037752,7,3017862536,success,90357634000
906,20,2020-04-11 00:00:00.000000,2,5,14,28,31,32,22253465250,9,2472607250,success,90948274000
907,37,2020-04-18 00:00:00.000000,21,27,29,38,40,44,22155413252,7,3165059036,success,89331282000
908,30,2020-04-25 00:00:00.000000,3,16,21,22,23,44,22678849128,8,2834856141,success,89923601000
909,33,2020-05-02 00:00:00.000000,7,24,29,30,34,35,22231691625,11,2021062875,success,89543261000
910,31,2020-05-09 00:00:00.000000,1,11,17,27,35,39,19767643875,21,941316375,success,86308857000
911,35,2020-05-16 00:00:00.000000,4,5,12,14,32,42,21135386250,10,2113538625,success,89332410000
912,10,2020-05-23 00:00:00.000000,5,8,18,21,22,38,20909008134,14,1493500581,success,88599155000
913,40,2020-05-30 00:00:00.000000,6,14,16,21,27,37,21420089632,16,1338755602,success,89336949000
914,27,2020-06-06 00:00:00.000000,16,19,24,33,42,44,21450061127,11,1950005557,success,89558503000
915,14,2020-06-13 00:00:00.000000,2,6,11,13,22,37,21111843000,6,3518640500,success,87862418000
916,17,2020-06-20 00:00:00.000000,6,21,22,32,35,36,22279227751,11,2025384341,success,89133044000
917,34,2020-06-27 00:00:00.000000,1,3,23,24,27,43,21447996380,10,2144799638,success,88950867000
918,5,2020-07-04 00:00:00.000000,7,11,12,31,33,38,20117207628,18,1117622646,success,89200857000
919,35,2020-07-11 00:00:00.000000,9,14,17,18,42,44,21525752250,5,4305150450,success,90218056000
920,29,2020-07-18 00:00:00.000000,2,3,26,33,34,43,21841821379,7,3120260197,success,89805177000
921,1,2020-07-25 00:00:00.000000,5,7,12,22,28,41,20953747885,17,1232573405,success,89888341000
922,36,2020-08-01 00:00:00.000000,2,6,13,17,27,43,20507427000,6,3417904500,success,89266682000
923,26,2020-08-08 00:00:00.000000,3,17,18,23,36,41,21340437000,8,2667554625,success,87867402000
924,13,2020-08-15 00:00:00.000000,3,11,34,42,43,44,21441876003,9,2382430667,success,87708256000
925,4,2020-08-22 00:00:00.000000,13,24,32,34,39,42,21252966384,12,1771080532,success,87901067000
926,6,2020-08-29 00:00:00.000000,10,16,18,20,25,31,20324906630,10,2032490663,success,88372251000
927,26,2020-09-05 00:00:00.000000,4,15,22,38,41,43,22285223250,6,3714203875,success,91067752000
928,30,2020-09-12 00:00:00.000000,3,4,10,20,28,44,21942139506,7,3134591358,success,90818982000
929,4,2020-09-19 00:00:00.000000,7,9,12,15,19,23,20928562512,16,1308035157,success,92344620000
930,28,2020-09-26 00:00:00.000000,8,21,25,38,39,44,22659350632,8,2832418829,success,94518415000
931,32,2020-10-03 00:00:00.000000,14,15,23,25,35,43,23656864504,8,2957108063,success,95695802000
932,5,2020-10-10 00:00:00.000000,1,6,15,36,37,38,23730160881,7,3390022983,success,96049289000
933,37,2020-10-17 00:00:00.000000,23,27,29,31,36,45,23422376632,8,2927797079,success,93484851000
934,12,2020-10-24 00:00:00.000000,1,3,30,33,36,39,23063091376,4,5765772844,success,93028347000
935,18,2020-10-31 00:00:00.000000,4,10,20,32,38,44,22243720512,13,1711055424,success,93934898000
936,43,2020-11-07 00:00:00.000000,7,11,13,17,18,29,20888968506,14,1492069179,success,92246146000
937,26,2020-11-14 00:00:00.000000,2,10,13,22,29,40,22642629009,11,2058420819,success,93720454000
938,9,2020-11-21 00:00:00.000000,4,8,10,16,31,36,22494665630,10,2249466563,success,93452425000
939,6,2020-11-28 00:00:00.000000,4,11,28,39,42,45,22208719507,13,1708363039,success,93340002000
940,11,2020-12-05 00:00:00.000000,3,15,20,22,24,41,22768568632,8,2846071079,success,93920183000
941,35,2020-12-12 00:00:00.000000,12,14,25,27,39,40,21556758752,16,1347297422,success,94867600000
942,39,2020-12-19 00:00:00.000000,10,12,18,35,42,43,22570081878,6,3761680313,success,92731965000
943,39,2020-12-26 00:00:00.000000,1,8,13,36,44,45,24045315756,7,3435045108,success,100081432000
944,42,2021-01-02 00:00:00.000000,2,13,16,19,32,33,25503872628,13,1961836356,success,107181377000
945,26,2021-01-09 00:00:00.000000,9,10,15,30,33,37,22952208383,13,1765554491,success,94837109000
946,20,2021-01-16 00:00:00.000000,9,18,19,30,34,40,23734218002,11,2157656182,success,99380178000
947,26,2021-01-23 00:00:00.000000,3,8,17,20,27,35,22965403500,18,1275855750,success,99449916000
948,5,2021-01-30 00:00:00.000000,13,18,30,31,38,41,24074035876,11,2188548716,success,100519459000
949,30,2021-02-06 00:00:00.000000,14,21,35,36,40,44,24585697130,10,2458569713,success,100518909000
950,10,2021-02-13 00:00:00.000000,3,4,15,22,28,40,26255364000,8,3281920500,success,108870714000
951,38,2021-02-20 00:00:00.000000,2,12,30,31,39,43,24465737254,14,1747552661,success,102937006000
952,38,2021-02-27 00:00:00.000000,4,12,22,24,33,41,24423298506,9,2713699834,success,102355646000
953,34,2021-03-06 00:00:00.000000,7,9,22,27,37,42,22968904126,14,1640636009,success,99180891000
954,32,2021-03-13 00:00:00.000000,1,9,26,28,30,41,24787959000,10,2478795900,success,101455314000
955,8,2021-03-20 00:00:00.000000,4,9,23,26,29,33,24278042256,12,2023170188,success,99784736000
956,40,2021-03-27 00:00:00.000000,10,11,20,21,25,41,22252809381,11,2022982671,success,97065255000
957,1,2021-04-03 00:00:00.000000,4,15,24,35,36,40,23392975507,11,2126634137,success,96654698000
958,1,2021-04-10 00:00:00.000000,2,9,10,16,35,37,23941795125,15,1596119675,success,98635947000
959,35,2021-04-17 00:00:00.000000,1,14,15,24,40,41,24122503128,8,3015312891,success,97435835000
960,14,2021-04-24 00:00:00.000000,2,18,24,30,32,45,24011332130,10,2401133213,success,98784879000
961,43,2021-05-01 00:00:00.000000,11,20,29,31,33,42,23177080881,9,2575231209,success,97153309000
962,40,2021-05-08 00:00:00.000000,1,18,28,31,34,43,23290873128,12,1940906094,success,95956365000
963,35,2021-05-15 00:00:00.000000,6,12,19,23,34,42,22147171875,15,1476478125,success,95452215000
964,30,2021-05-22 00:00:00.000000,6,21,36,38,39,43,23458610630,10,2345861063,success,95549895000
965,34,2021-05-29 00:00:00.000000,2,13,25,28,29,36,23823442503,7,3403348929,success,96174650000
966,36,2021-06-05 00:00:00.000000,1,21,25,29,34,37,24113035130,10,2411303513,success,95640447000
967,9,2021-06-12 00:00:00.000000,1,6,13,37,38,40,23239104376,4,5809776094,success,94515565000
968,33,2021-06-19 00:00:00.000000,2,5,12,14,24,39,21680485879,13,1667729683,success,95924229000
969,7,2021-06-26 00:00:00.000000,3,9,10,29,40,45,22988557880,20,1149427894,success,96728751000
970,5,2021-07-03 00:00:00.000000,9,11,16,21,28,36,22561616630,14,1611544045,success,93268371000
971,7,2021-07-10 00:00:00.000000,2,6,17,18,21,26,22355281500,6,3725880250,success,94471924000
972,26,2021-07-17 00:00:00.000000,3,6,17,23,37,39,22497724880,20,1124886244,success,93916813000
973,24,2021-07-24 00:00:00.000000,22,26,31,37,41,42,23301942000,8,2912742750,success,93953872000
974,32,2021-07-31 00:00:00.000000,1,2,11,16,39,44,22389586891,17,1317034523,success,94146055000
975,5,2021-08-07 00:00:00.000000,7,8,9,17,22,24,21963693375,9,2440410375,success,94253719000
976,2,2021-08-14 00:00:00.000000,4,12,14,25,35,37,22707070505,7,3243867215,success,97492178000
977,16,2021-08-21 00:00:00.000000,2,9,10,14,22,44,23378682754,14,1669905911,success,95895844000
978,8,2021-08-28 00:00:00.000000,1,7,15,32,34,42,23733913880,10,2373391388,success,98855197000
979,24,2021-09-04 00:00:00.000000,7,11,16,21,27,33,22489607252,14,1606400518,success,99507886000
980,14,2021-09-11 00:00:00.000000,3,13,16,23,24,35,23866102505,7,3409443215,success,99593380000
981,32,2021-09-18 00:00:00.000000,27,36,37,41,43,45,25907221509,13,1992863193,success,105645424000
982,33,2021-09-25 00:00:00.000000,5,7,13,20,21,44,24189045376,8,3023630672,success,101344251000
983,15,2021-10-02 00:00:00.000000,13,23,26,31,35,43,25034222250,10,2503422225,success,101899006000
984,18,2021-10-09 00:00:00.000000,3,10,23,35,36,37,24171043876,7,3453006268,success,98762367000
985,19,2021-10-16 00:00:00.000000,17,21,23,30,34,44,24347529750,10,2434752975,success,98811446000
986,40,2021-10-23 00:00:00.000000,7,10,16,28,41,42,23752751250,10,2375275125,success,99041240000
987,7,2021-10-30 00:00:00.000000,2,4,15,23,29,38,23787116250,10,2378711625,success,100269530000
988,27,2021-11-06 00:00:00.000000,2,13,20,30,31,41,24106404375,9,2678489375,success,98606195000
989,26,2021-11-13 00:00:00.000000,17,18,21,27,29,33,23307074252,4,5826768563,success,96525658000
990,28,2021-11-20 00:00:00.000000,2,4,25,26,36,37,24361333878,14,1740095277,success,99567047000
991,38,2021-11-27 00:00:00.000000,13,18,25,31,33,44,23233328256,8,2904166032,success,98026282000
992,24,2021-12-04 00:00:00.000000,12,20,26,33,44,45,23843466756,12,1986955563,success,97066498000
993,44,2021-12-11 00:00:00.000000,6,14,16,18,24,42,23947182378,6,3991197063,success,99323653000
994,28,2021-12-18 00:00:00.000000,1,3,8,24,27,35,22338984756,12,1861582063,success,95530936000
995,7,2021-12-25 00:00:00.000000,1,4,13,29,38,39,24130903125,7,3447271875,success,100878455000
996,28,2022-01-01 00:00:00.000000,6,11,15,24,32,39,26841343878,18,1491185771,success,112624327000
997,20,2022-01-08 00:00:00.000000,4,7,14,16,24,44,23821241640,19,1253749560,success,102431961000
998,41,2022-01-15 00:00:00.000000,13,17,18,20,42,45,24917995884,12,2076499657,success,101681869000
999,34,2022-01-22 00:00:00.000000,1,3,9,14,18,28,24212396640,16,1513274790,success,102581351000
1000,39,2022-01-29 00:00:00.000000,2,8,19,22,32,42,27430031640,22,1246819620,success,118628811000
1001,15,2022-02-05 00:00:00.000000,6,10,12,14,20,42,24927355128,12,2077279594,success,103967487000
1002,15,2022-02-12 00:00:00.000000,17,25,33,35,38,45,24707596504,8,3088449563,success,105795484000
1003,31,2022-02-19 00:00:00.000000,1,4,29,39,43,45,25355635508,14,1811116822,success,103479378000
1004,18,2022-02-26 00:00:00.000000,7,15,30,37,39,44,25762519130,10,2576251913,success,106112471000
1005,17,2022-03-05 00:00:00.000000,8,13,18,24,27,29,24734392128,12,2061199344,success,103755249000
1006,36,2022-03-12 00:00:00.000000,8,11,15,16,17,37,25700419125,9,2855602125,success,104542431000
1007,40,2022-03-19 00:00:00.000000,8,11,16,19,21,25,24469077375,9,2718786375,success,101530003000
1008,33,2022-03-26 00:00:00.000000,9,11,30,31,41,44,24941157010,11,2267377910,success,103727042000
1009,20,2022-04-02 00:00:00.000000,15,23,29,34,40,44,25536942375,15,1702462825,success,103771363000
1010,3,2022-04-09 00:00:00.000000,9,12,15,25,34,36,24955040632,8,3119380079,success,103011505000
1011,42,2022-04-16 00:00:00.000000,1,9,12,26,35,38,24423833632,11,2220348512,success,101799373000
1012,3,2022-04-23 00:00:00.000000,5,11,18,20,35,45,24205276134,13,1861944318,success,101948323000
1013,32,2022-04-30 00:00:00.000000,21,22,26,34,36,41,25237853625,5,5047570725,success,101747653000
1014,21,2022-05-07 00:00:00.000000,3,11,14,18,26,27,24104493380,10,2410449338,success,102396369000
1015,44,2022-05-14 00:00:00.000000,14,23,31,33,37,40,24408844880,8,3051105610,success,102562683000
1016,44,2022-05-21 00:00:00.000000,15,26,28,34,41,42,24867267381,11,2260660671,success,101583153000
1017,32,2022-05-28 00:00:00.000000,12,18,22,23,30,34,24623793754,7,3517684822,success,101382790000
1018,35,2022-06-04 00:00:00.000000,3,19,21,25,37,45,24723489376,2,12361744688,success,101151805000
1019,6,2022-06-11 00:00:00.000000,1,4,13,17,34,39,21928257000,50,438565140,success,102804882000
1020,6,2022-06-18 00:00:00.000000,12,27,29,38,41,45,25563609760,13,1966431520,success,104996396000
1021,16,2022-06-25 00:00:00.000000,12,15,17,24,29,45,25307547000,12,2108962250,success,101960162000
1022,28,2022-07-02 00:00:00.000000,5,6,11,29,42,45,24332340375,5,4866468075,success,99233031000
1023,25,2022-07-09 00:00:00.000000,10,14,16,18,29,35,24711100875,9,2745677875,success,100399659000
1024,10,2022-07-16 00:00:00.000000,9,18,20,22,38,44,24162588000,8,3020323500,success,100081038000
1025,7,2022-07-23 00:00:00.000000,8,9,20,25,29,33,24475413376,4,6118853344,success,101318529000
1026,34,2022-07-30 00:00:00.000000,5,12,13,31,32,41,24286777125,15,1619118475,success,101556379000
1027,5,2022-08-06 00:00:00.000000,14,16,27,35,39,45,24605043380,10,2460504338,success,101195159000
1028,23,2022-08-13 00:00:00.000000,5,7,12,13,18,35,23624702640,20,1181235132,success,100613537000
1029,24,2022-08-20 00:00:00.000000,12,30,32,37,39,41,25278484500,10,2527848450,success,101336312000
1030,9,2022-08-27 00:00:00.000000,2,5,11,17,24,29,24251723633,19,1276406507,success,104899923000
1031,19,2022-09-03 00:00:00.000000,6,7,22,32,35,36,25711660504,8,3213957563,success,104316078000
1032,28,2022-09-10 00:00:00.000000,1,6,12,19,36,42,26752575380,10,2675257538,success,110907011000
1033,10,2022-09-17 00:00:00.000000,3,11,15,20,35,44,24874394259,13,1913414943,success,104642258000
1034,11,2022-09-24 00:00:00.000000,26,31,32,33,38,40,25819705881,9,2868856209,success,107150089000
1035,2,2022-10-01 00:00:00.000000,9,14,34,35,41,42,25849549880,8,3231193735,success,106759523000
1036,39,2022-10-08 00:00:00.000000,2,5,22,32,34,45,25535908503,9,2837323167,success,103753936000
1037,31,2022-10-15 00:00:00.000000,2,14,15,22,27,33,25628652375,15,1708576825,success,104840173000
1038,2,2022-10-22 00:00:00.000000,7,16,24,27,37,44,24411858375,15,1627457225,success,104932409000
1039,26,2022-10-29 00:00:00.000000,2,3,6,19,36,39,25360314752,16,1585019672,success,105259066000
1040,11,2022-11-05 00:00:00.000000,8,16,26,29,31,36,25623378375,7,3660482625,success,104007239000
1041,45,2022-11-12 00:00:00.000000,6,7,9,11,17,18,23377279125,25,935091165,success,105301601000
1042,4,2022-11-19 00:00:00.000000,5,14,15,23,34,43,24813273380,20,1240663669,success,106510259000
1043,19,2022-11-26 00:00:00.000000,3,5,12,22,26,31,24966998252,17,1468646956,success,107045942000
1044,4,2022-12-03 00:00:00.000000,12,17,20,26,28,36,25095529880,8,3136941235,success,102891973000
1045,37,2022-12-10 00:00:00.000000,6,14,15,19,21,41,25870785759,13,1990060443,success,105380282000
1046,28,2022-12-17 00:00:00.000000,7,16,25,29,35,36,24136988628,12,2011415719,success,100923993000
1047,32,2022-12-24 00:00:00.000000,2,20,33,40,42,44,24739180875,9,2748797875,success,103058179000
1048,30,2022-12-31 00:00:00.000000,6,12,17,21,32,39,27412406636,17,1612494508,success,117323901000
1049,17,2023-01-07 00:00:00.000000,3,5,13,20,21,37,25917151500,15,1727810100,success,108444724000
1050,17,2023-01-14 00:00:00.000000,6,12,31,35,38,43,26096415760,17,1535083280,success,108072602000
1051,44,2023-01-21 00:00:00.000000,21,26,30,32,33,35,30052052640,18,1669558480,success,119243907000
1052,1,2023-01-28 00:00:00.000000,5,17,26,27,35,38,25758510382,11,2341682762,success,107565461000
1053,15,2023-02-04 00:00:00.000000,22,26,29,30,34,45,28632571877,7,4090367411,success,113721665000
1054,33,2023-02-11 00:00:00.000000,14,19,27,28,30,45,28331331381,9,3147925709,success,113660567000
